"TENANT_NAME","FILE_ID","USAGE_INTERVAL_START","NUM_ROWS","COST_MY_COST","UPDATE_DATE","AGENT_VERSION","COST_MY_COST_OVERAGE","COST_CURRENCY_CODE"
"apexdemo","0001000000032670",29-MAY-2020 20:00:00,2,0.4683815953,08-JUN-2020 09:52:40,"20.05.04",,""
"apexdemo","0001000000032670",29-MAY-2020 21:00:00,2,0.4683815953,08-JUN-2020 09:52:40,"20.05.04",,""
"apexdemo","0001000000032670",29-MAY-2020 22:00:00,2,0.4683815953,08-JUN-2020 09:52:40,"20.05.04",,""
"apexdemo","0001000000032670",29-MAY-2020 23:00:00,2,0.4683815953,08-JUN-2020 09:52:40,"20.05.04",,""
"apexdemo","0001000000032670",30-MAY-2020 00:00:00,2,0.4683815953,08-JUN-2020 09:52:40,"20.05.04",,""
"apexdemo","0001000000032670",30-MAY-2020 01:00:00,2,0.4683815953,08-JUN-2020 09:52:40,"20.05.04",,""
"apexdemo","0001000000032670",30-MAY-2020 02:00:00,2,0.4683815953,08-JUN-2020 09:52:40,"20.05.04",,""
"apexdemo","0001000000032670",30-MAY-2020 03:00:00,2,0.4683815953,08-JUN-2020 09:52:40,"20.05.04",,""
"apexdemo","0001000000032670",30-MAY-2020 04:00:00,2,0.4683815953,08-JUN-2020 09:52:40,"20.05.04",,""
"apexdemo","0001000000033123",29-MAY-2020 06:00:00,111,9.909339382097,08-JUN-2020 09:52:40,"20.05.04",,""
"apexdemo","0001000000033123",29-MAY-2020 07:00:00,111,9.909339382097,08-JUN-2020 09:52:40,"20.05.04",,""
"apexdemo","0001000000033123",29-MAY-2020 08:00:00,111,9.909339382097,08-JUN-2020 09:52:40,"20.05.04",,""
"apexdemo","0001000000033123",29-MAY-2020 09:00:00,111,9.909339382097,08-JUN-2020 09:52:40,"20.05.04",,""
"apexdemo","0001000000033123",29-MAY-2020 10:00:00,100,9.909339382097,08-JUN-2020 09:52:40,"20.05.04",,""
"apexdemo","0001000000033123",29-MAY-2020 11:00:00,100,9.909339382097,08-JUN-2020 09:52:40,"20.05.04",,""
"apexdemo","0001000000033123",29-MAY-2020 12:00:00,100,9.909339382097,08-JUN-2020 09:52:40,"20.05.04",,""
"apexdemo","0001000000033123",29-MAY-2020 13:00:00,100,9.909339382097,08-JUN-2020 09:52:40,"20.05.04",,""
"apexdemo","0001000000033123",29-MAY-2020 14:00:00,100,9.909339382097,08-JUN-2020 09:52:40,"20.05.04",,""
"apexdemo","0001000000033123",29-MAY-2020 15:00:00,100,9.909339382097,08-JUN-2020 09:52:40,"20.05.04",,""
"apexdemo","0001000000033123",29-MAY-2020 16:00:00,100,9.909339382097,08-JUN-2020 09:52:40,"20.05.04",,""
"apexdemo","0001000000033123",29-MAY-2020 17:00:00,100,9.909339382097,08-JUN-2020 09:52:40,"20.05.04",,""
"apexdemo","0001000000033123",29-MAY-2020 18:00:00,100,9.909339382097,08-JUN-2020 09:52:40,"20.05.04",,""
"apexdemo","0001000000033123",29-MAY-2020 19:00:00,100,9.909339382097,08-JUN-2020 09:52:40,"20.05.04",,""
"apexdemo","0001000000033123",29-MAY-2020 20:00:00,111,9.909339382097,08-JUN-2020 09:52:40,"20.05.04",,""
"apexdemo","0001000000033123",29-MAY-2020 21:00:00,100,9.909339382097,08-JUN-2020 09:52:40,"20.05.04",,""
"apexdemo","0001000000033123",29-MAY-2020 22:00:00,100,9.909339382097,08-JUN-2020 09:52:40,"20.05.04",,""
"apexdemo","0001000000033123",29-MAY-2020 23:00:00,100,9.909339382097,08-JUN-2020 09:52:40,"20.05.04",,""
"apexdemo","0001000000033123",30-MAY-2020 00:00:00,100,9.909339382097,08-JUN-2020 09:52:40,"20.05.04",,""
"apexdemo","0001000000033123",30-MAY-2020 01:00:00,100,9.909339382097,08-JUN-2020 09:52:40,"20.05.04",,""
"apexdemo","0001000000033123",30-MAY-2020 02:00:00,100,9.909339382097,08-JUN-2020 09:52:40,"20.05.04",,""
"apexdemo","0001000000033123",30-MAY-2020 03:00:00,100,9.909339382097,08-JUN-2020 09:52:40,"20.05.04",,""
"apexdemo","0001000000033123",30-MAY-2020 05:00:00,2,0.4683815953,08-JUN-2020 09:52:40,"20.05.04",,""
"apexdemo","0001000000033123",30-MAY-2020 06:00:00,2,0.4683815953,08-JUN-2020 09:52:40,"20.05.04",,""
"apexdemo","0001000000033123",30-MAY-2020 07:00:00,2,0.4683815953,08-JUN-2020 09:52:40,"20.05.04",,""
"apexdemo","0001000000033123",30-MAY-2020 08:00:00,2,0.4683815953,08-JUN-2020 09:52:40,"20.05.04",,""
"apexdemo","0001000000033123",30-MAY-2020 09:00:00,2,0.4683815953,08-JUN-2020 09:52:40,"20.05.04",,""
"apexdemo","0001000000033123",30-MAY-2020 10:00:00,2,0.4683815953,08-JUN-2020 09:52:40,"20.05.04",,""
"apexdemo","0001000000033123",30-MAY-2020 11:00:00,2,0.4683815953,08-JUN-2020 09:52:40,"20.05.04",,""
"apexdemo","0001000000033123",30-MAY-2020 12:00:00,2,0.4683815953,08-JUN-2020 09:52:40,"20.05.04",,""
"apexdemo","0001000000033123",30-MAY-2020 13:00:00,2,0.4683815953,08-JUN-2020 09:52:40,"20.05.04",,""
"apexdemo","0001000000033123",30-MAY-2020 14:00:00,2,0.4683815953,08-JUN-2020 09:52:40,"20.05.04",,""
"apexdemo","0001000000033123",30-MAY-2020 15:00:00,2,0.4683815953,08-JUN-2020 09:52:40,"20.05.04",,""
"apexdemo","0001000000033123",30-MAY-2020 16:00:00,2,0.4683815953,08-JUN-2020 09:52:40,"20.05.04",,""
"apexdemo","0001000000033123",30-MAY-2020 17:00:00,2,0.4683815953,08-JUN-2020 09:52:40,"20.05.04",,""
"apexdemo","0001000000033123",30-MAY-2020 18:00:00,2,0.4683815953,08-JUN-2020 09:52:40,"20.05.04",,""
"apexdemo","0001000000033123",30-MAY-2020 19:00:00,2,0.4683815953,08-JUN-2020 09:52:40,"20.05.04",,""
"apexdemo","0001000000033123",30-MAY-2020 20:00:00,2,0.4683815953,08-JUN-2020 09:52:40,"20.05.04",,""
"apexdemo","0001000000033123",30-MAY-2020 21:00:00,2,0.4683815953,08-JUN-2020 09:52:40,"20.05.04",,""
"apexdemo","0001000000033123",30-MAY-2020 22:00:00,2,0.4683815953,08-JUN-2020 09:52:40,"20.05.04",,""
"apexdemo","0001000000033123",30-MAY-2020 23:00:00,2,0.4683815953,08-JUN-2020 09:52:40,"20.05.04",,""
"apexdemo","0001000000033123",31-MAY-2020 00:00:00,2,0.4683815953,08-JUN-2020 09:52:40,"20.05.04",,""
"apexdemo","0001000000033123",31-MAY-2020 01:00:00,2,0.4683815953,08-JUN-2020 09:52:40,"20.05.04",,""
"apexdemo","0001000000033649",30-MAY-2020 04:00:00,100,9.909339382097,08-JUN-2020 09:52:40,"20.05.04",,""
"apexdemo","0001000000033649",30-MAY-2020 05:00:00,100,9.909339382097,08-JUN-2020 09:52:40,"20.05.04",,""
"apexdemo","0001000000033649",30-MAY-2020 06:00:00,100,9.909339382097,08-JUN-2020 09:52:40,"20.05.04",,""
"apexdemo","0001000000033649",30-MAY-2020 07:00:00,100,9.909339382097,08-JUN-2020 09:52:40,"20.05.04",,""
"apexdemo","0001000000033649",30-MAY-2020 08:00:00,100,9.909339382097,08-JUN-2020 09:52:40,"20.05.04",,""
"apexdemo","0001000000033649",30-MAY-2020 09:00:00,111,9.909339382097,08-JUN-2020 09:52:40,"20.05.04",,""
"apexdemo","0001000000033649",30-MAY-2020 10:00:00,100,9.909339382097,08-JUN-2020 09:52:40,"20.05.04",,""
"apexdemo","0001000000033649",30-MAY-2020 11:00:00,100,9.909339382097,08-JUN-2020 09:52:40,"20.05.04",,""
"apexdemo","0001000000033649",30-MAY-2020 12:00:00,100,9.909339382097,08-JUN-2020 09:52:40,"20.05.04",,""
"apexdemo","0001000000033649",30-MAY-2020 13:00:00,111,9.909339382097,08-JUN-2020 09:52:40,"20.05.04",,""
"apexdemo","0001000000033649",30-MAY-2020 14:00:00,100,9.909339382097,08-JUN-2020 09:52:40,"20.05.04",,""
"apexdemo","0001000000033649",30-MAY-2020 15:00:00,100,9.909339382097,08-JUN-2020 09:52:40,"20.05.04",,""
"apexdemo","0001000000033649",30-MAY-2020 16:00:00,100,9.909339382097,08-JUN-2020 09:52:40,"20.05.04",,""
"apexdemo","0001000000033649",30-MAY-2020 17:00:00,100,9.909339382097,08-JUN-2020 09:52:40,"20.05.04",,""
"apexdemo","0001000000033649",30-MAY-2020 18:00:00,100,9.909339382097,08-JUN-2020 09:52:40,"20.05.04",,""
"apexdemo","0001000000033649",30-MAY-2020 19:00:00,100,9.909339382097,08-JUN-2020 09:52:40,"20.05.04",,""
"apexdemo","0001000000033649",30-MAY-2020 20:00:00,100,9.909339382097,08-JUN-2020 09:52:40,"20.05.04",,""
"apexdemo","0001000000033649",30-MAY-2020 21:00:00,100,9.909339382097,08-JUN-2020 09:52:40,"20.05.04",,""
"apexdemo","0001000000033649",30-MAY-2020 22:00:00,100,9.909339382097,08-JUN-2020 09:52:40,"20.05.04",,""
"apexdemo","0001000000033649",30-MAY-2020 23:00:00,100,9.909339382097,08-JUN-2020 09:52:40,"20.05.04",,""
"apexdemo","0001000000033649",31-MAY-2020 00:00:00,111,9.909339382097,08-JUN-2020 09:52:40,"20.05.04",,""
"apexdemo","0001000000033649",31-MAY-2020 01:00:00,100,9.909339382097,08-JUN-2020 09:52:40,"20.05.04",,""
"apexdemo","0001000000033649",31-MAY-2020 02:00:00,102,10.377720977397,08-JUN-2020 09:52:40,"20.05.04",,""
"apexdemo","0001000000033649",31-MAY-2020 03:00:00,102,10.377720977397,08-JUN-2020 09:52:40,"20.05.04",,""
"apexdemo","0001000000033649",31-MAY-2020 04:00:00,113,10.377720977397,08-JUN-2020 09:52:40,"20.05.04",,""
"apexdemo","0001000000033649",31-MAY-2020 05:00:00,102,10.377720977397,08-JUN-2020 09:52:40,"20.05.04",,""
"apexdemo","0001000000033649",31-MAY-2020 06:00:00,102,10.377720977397,08-JUN-2020 09:52:40,"20.05.04",,""
"apexdemo","0001000000033649",31-MAY-2020 07:00:00,2,0.4683815953,08-JUN-2020 09:52:40,"20.05.04",,""
"apexdemo","0001000000033649",31-MAY-2020 08:00:00,2,0.4683815953,08-JUN-2020 09:52:40,"20.05.04",,""
"apexdemo","0001000000033649",31-MAY-2020 09:00:00,2,0.4683815953,08-JUN-2020 09:52:40,"20.05.04",,""
"apexdemo","0001000000033649",31-MAY-2020 10:00:00,2,0.4683815953,08-JUN-2020 09:52:40,"20.05.04",,""
"apexdemo","0001000000033649",31-MAY-2020 11:00:00,2,0.4683815953,08-JUN-2020 09:52:40,"20.05.04",,""
"apexdemo","0001000000033649",31-MAY-2020 12:00:00,2,0.4683815953,08-JUN-2020 09:52:40,"20.05.04",,""
"apexdemo","0001000000033649",31-MAY-2020 13:00:00,2,0.4683815953,08-JUN-2020 09:52:40,"20.05.04",,""
"apexdemo","0001000000033649",31-MAY-2020 14:00:00,2,0.4683815953,08-JUN-2020 09:52:40,"20.05.04",,""
"apexdemo","0001000000033649",31-MAY-2020 15:00:00,2,0.4683815953,08-JUN-2020 09:52:40,"20.05.04",,""
"apexdemo","0001000000033649",31-MAY-2020 16:00:00,2,0.4683815953,08-JUN-2020 09:52:40,"20.05.04",,""
"apexdemo","0001000000033649",31-MAY-2020 17:00:00,2,0.4683815953,08-JUN-2020 09:52:40,"20.05.04",,""
"apexdemo","0001000000033649",31-MAY-2020 18:00:00,2,0.4683815953,08-JUN-2020 09:52:40,"20.05.04",,""
"apexdemo","0001000000033649",31-MAY-2020 19:00:00,2,0.4683815953,08-JUN-2020 09:52:40,"20.05.04",,""
"apexdemo","0001000000033649",31-MAY-2020 20:00:00,2,0.4683815953,08-JUN-2020 09:52:40,"20.05.04",,""
"apexdemo","0001000000033649",31-MAY-2020 21:00:00,2,0.4683815953,08-JUN-2020 09:52:40,"20.05.04",,""
"apexdemo","0001000000033649",31-MAY-2020 22:00:00,2,0.4683815953,08-JUN-2020 09:52:40,"20.05.04",,""
"apexdemo","0001000000033649",31-MAY-2020 23:00:00,2,0.4683815953,08-JUN-2020 09:52:40,"20.05.04",,""
"apexdemo","0001000000033649",01-JUN-2020 00:00:00,2,0.4683815953,08-JUN-2020 09:52:40,"20.05.04",,""
"apexdemo","0001000000033649",01-JUN-2020 01:00:00,2,0.4683815953,08-JUN-2020 09:52:40,"20.05.04",,""
"apexdemo","0001000000033649",01-JUN-2020 02:00:00,2,0.4683815953,08-JUN-2020 09:52:40,"20.05.04",,""
"apexdemo","0001000000033649",01-JUN-2020 03:00:00,2,0.4683815953,08-JUN-2020 09:52:40,"20.05.04",,""
"apexdemo","0001000000033649",01-JUN-2020 04:00:00,2,0.4683815953,08-JUN-2020 09:52:40,"20.05.04",,""
"apexdemo","0001000000033649",01-JUN-2020 05:00:00,2,0.4683815953,08-JUN-2020 09:52:40,"20.05.04",,""
"apexdemo","0001000000034140",31-MAY-2020 07:00:00,100,9.909339382097,08-JUN-2020 09:52:40,"20.05.04",,""
"apexdemo","0001000000034140",31-MAY-2020 08:00:00,100,9.909339382097,08-JUN-2020 09:52:40,"20.05.04",,""
"apexdemo","0001000000034140",31-MAY-2020 09:00:00,100,9.909339382097,08-JUN-2020 09:52:40,"20.05.04",,""
"apexdemo","0001000000034140",31-MAY-2020 10:00:00,100,9.909339382097,08-JUN-2020 09:52:40,"20.05.04",,""
"apexdemo","0001000000034140",31-MAY-2020 11:00:00,100,9.909339382097,08-JUN-2020 09:52:40,"20.05.04",,""
"apexdemo","0001000000034140",31-MAY-2020 12:00:00,100,9.909339382097,08-JUN-2020 09:52:40,"20.05.04",,""
"apexdemo","0001000000034140",31-MAY-2020 13:00:00,100,9.909339382097,08-JUN-2020 09:52:40,"20.05.04",,""
"apexdemo","0001000000034140",31-MAY-2020 14:00:00,100,9.909339382097,08-JUN-2020 09:52:40,"20.05.04",,""
"apexdemo","0001000000034140",31-MAY-2020 15:00:00,100,9.909339382097,08-JUN-2020 09:52:40,"20.05.04",,""
"apexdemo","0001000000034140",31-MAY-2020 16:00:00,100,9.909339382097,08-JUN-2020 09:52:40,"20.05.04",,""
"apexdemo","0001000000034140",31-MAY-2020 17:00:00,100,9.909339382097,08-JUN-2020 09:52:40,"20.05.04",,""
"apexdemo","0001000000034140",31-MAY-2020 18:00:00,100,9.909339382097,08-JUN-2020 09:52:40,"20.05.04",,""
"apexdemo","0001000000034140",31-MAY-2020 19:00:00,100,9.909339382097,08-JUN-2020 09:52:40,"20.05.04",,""
"apexdemo","0001000000034140",31-MAY-2020 20:00:00,100,9.909339382097,08-JUN-2020 09:52:40,"20.05.04",,""
"apexdemo","0001000000034140",31-MAY-2020 21:00:00,100,9.909339382097,08-JUN-2020 09:52:40,"20.05.04",,""
"apexdemo","0001000000034140",31-MAY-2020 22:00:00,100,9.909339382097,08-JUN-2020 09:52:40,"20.05.04",,""
"apexdemo","0001000000034140",31-MAY-2020 23:00:00,100,9.909339382097,08-JUN-2020 09:52:40,"20.05.04",,""
"apexdemo","0001000000034140",01-JUN-2020 00:00:00,100,9.904953636698,08-JUN-2020 09:52:40,"20.05.04",,""
"apexdemo","0001000000034140",01-JUN-2020 01:00:00,100,9.904953636698,08-JUN-2020 09:52:40,"20.05.04",,""
"apexdemo","0001000000034140",01-JUN-2020 02:00:00,100,9.904953636698,08-JUN-2020 09:52:40,"20.05.04",,""
"apexdemo","0001000000034140",01-JUN-2020 03:00:00,100,9.904953636698,08-JUN-2020 09:52:40,"20.05.04",,""
"apexdemo","0001000000034140",01-JUN-2020 04:00:00,100,9.904953636698,08-JUN-2020 09:52:40,"20.05.04",,""
"apexdemo","0001000000034140",01-JUN-2020 05:00:00,100,9.904953636698,08-JUN-2020 09:52:40,"20.05.04",,""
"apexdemo","0001000000034140",01-JUN-2020 06:00:00,102,10.373335231998,08-JUN-2020 09:52:40,"20.05.04",,""
"apexdemo","0001000000034140",01-JUN-2020 07:00:00,2,0.4683815953,08-JUN-2020 09:52:40,"20.05.04",,""
"apexdemo","0001000000034140",01-JUN-2020 08:00:00,2,0.4683815953,08-JUN-2020 09:52:40,"20.05.04",,""
"apexdemo","0001000000034140",01-JUN-2020 09:00:00,2,0.4683815953,08-JUN-2020 09:52:40,"20.05.04",,""
"apexdemo","0001000000034140",01-JUN-2020 10:00:00,2,0.4683815953,08-JUN-2020 09:52:40,"20.05.04",,""
"apexdemo","0001000000034140",01-JUN-2020 11:00:00,2,0.4683815953,08-JUN-2020 09:52:40,"20.05.04",,""
"apexdemo","0001000000034140",01-JUN-2020 12:00:00,2,0.4683815953,08-JUN-2020 09:52:40,"20.05.04",,""
"apexdemo","0001000000034140",01-JUN-2020 13:00:00,2,0.4683815953,08-JUN-2020 09:52:40,"20.05.04",,""
"apexdemo","0001000000034140",01-JUN-2020 14:00:00,2,0.4683815953,08-JUN-2020 09:52:40,"20.05.04",,""
"apexdemo","0001000000034140",01-JUN-2020 15:00:00,2,0.4683815953,08-JUN-2020 09:52:40,"20.05.04",,""
"apexdemo","0001000000034140",01-JUN-2020 16:00:00,2,0.4683815953,08-JUN-2020 09:52:40,"20.05.04",,""
"apexdemo","0001000000034140",01-JUN-2020 17:00:00,2,0.4683815953,08-JUN-2020 09:52:40,"20.05.04",,""
"apexdemo","0001000000034140",01-JUN-2020 18:00:00,2,0.4683815953,08-JUN-2020 09:52:40,"20.05.04",,""
"apexdemo","0001000000034140",01-JUN-2020 19:00:00,2,0.4683815953,08-JUN-2020 09:52:40,"20.05.04",,""
"apexdemo","0001000000034140",01-JUN-2020 20:00:00,2,0.4683815953,08-JUN-2020 09:52:40,"20.05.04",,""
"apexdemo","0001000000034140",01-JUN-2020 21:00:00,2,0.4683815953,08-JUN-2020 09:52:40,"20.05.04",,""
"apexdemo","0001000000034140",01-JUN-2020 22:00:00,2,0.4683815953,08-JUN-2020 09:52:40,"20.05.04",,""
"apexdemo","0001000000034140",01-JUN-2020 23:00:00,2,0.4683815953,08-JUN-2020 09:52:40,"20.05.04",,""
"apexdemo","0001000000034140",02-JUN-2020 00:00:00,2,0.4683815953,08-JUN-2020 09:52:40,"20.05.04",,""
"apexdemo","0001000000034140",02-JUN-2020 01:00:00,2,0.4683815953,08-JUN-2020 09:52:40,"20.05.04",,""
"apexdemo","0001000000034140",02-JUN-2020 02:00:00,2,0.4683815953,08-JUN-2020 09:52:40,"20.05.04",,""
"apexdemo","0001000000034140",02-JUN-2020 03:00:00,2,0.4683815953,08-JUN-2020 09:52:40,"20.05.04",,""
"apexdemo","0001000000034140",02-JUN-2020 06:00:00,2,0.4683815953,08-JUN-2020 09:52:40,"20.05.04",,""
"apexdemo","0001000000034626",01-JUN-2020 07:00:00,100,9.904953636698,08-JUN-2020 09:52:40,"20.05.04",,""
"apexdemo","0001000000034626",01-JUN-2020 08:00:00,100,9.904953636698,08-JUN-2020 09:52:40,"20.05.04",,""
"apexdemo","0001000000034626",01-JUN-2020 09:00:00,111,9.904953636698,08-JUN-2020 09:52:40,"20.05.04",,""
"apexdemo","0001000000034626",01-JUN-2020 10:00:00,100,9.904953636698,08-JUN-2020 09:52:40,"20.05.04",,""
"apexdemo","0001000000034626",01-JUN-2020 11:00:00,100,9.904953636698,08-JUN-2020 09:52:40,"20.05.04",,""
"apexdemo","0001000000034626",01-JUN-2020 12:00:00,100,9.904953636698,08-JUN-2020 09:52:40,"20.05.04",,""
"apexdemo","0001000000034626",01-JUN-2020 13:00:00,112,9.904953636698,08-JUN-2020 09:52:40,"20.05.04",,""
"apexdemo","0001000000034626",01-JUN-2020 14:00:00,111,9.904953636698,08-JUN-2020 09:52:40,"20.05.04",,""
"apexdemo","0001000000034626",01-JUN-2020 15:00:00,111,9.904953636698,08-JUN-2020 09:52:40,"20.05.04",,""
"apexdemo","0001000000034626",01-JUN-2020 16:00:00,100,9.904953636698,08-JUN-2020 09:52:40,"20.05.04",,""
"apexdemo","0001000000034626",01-JUN-2020 17:00:00,100,9.904953636698,08-JUN-2020 09:52:40,"20.05.04",,""
"apexdemo","0001000000034626",01-JUN-2020 18:00:00,100,9.904953636698,08-JUN-2020 09:52:40,"20.05.04",,""
"apexdemo","0001000000034626",01-JUN-2020 19:00:00,100,9.904953636698,08-JUN-2020 09:52:40,"20.05.04",,""
"apexdemo","0001000000034626",01-JUN-2020 20:00:00,100,9.904953636698,08-JUN-2020 09:52:40,"20.05.04",,""
"apexdemo","0001000000034626",01-JUN-2020 21:00:00,100,9.904953636698,08-JUN-2020 09:52:40,"20.05.04",,""
"apexdemo","0001000000034626",01-JUN-2020 22:00:00,100,9.904953636698,08-JUN-2020 09:52:40,"20.05.04",,""
"apexdemo","0001000000034626",01-JUN-2020 23:00:00,100,9.904953636698,08-JUN-2020 09:52:40,"20.05.04",,""
"apexdemo","0001000000034626",02-JUN-2020 00:00:00,100,9.904953636698,08-JUN-2020 09:52:40,"20.05.04",,""
"apexdemo","0001000000034626",02-JUN-2020 01:00:00,100,9.904953636698,08-JUN-2020 09:52:40,"20.05.04",,""
"apexdemo","0001000000034626",02-JUN-2020 02:00:00,100,9.904953636698,08-JUN-2020 09:52:40,"20.05.04",,""
"apexdemo","0001000000034626",02-JUN-2020 03:00:00,100,9.904953636698,08-JUN-2020 09:52:40,"20.05.04",,""
"apexdemo","0001000000034626",02-JUN-2020 04:00:00,102,10.373335231998,08-JUN-2020 09:52:40,"20.05.04",,""
"apexdemo","0001000000034626",02-JUN-2020 05:00:00,102,10.373335231998,08-JUN-2020 09:52:40,"20.05.04",,""
"apexdemo","0001000000034626",02-JUN-2020 06:00:00,111,9.904953636698,08-JUN-2020 09:52:40,"20.05.04",,""
"apexdemo","0001000000034626",02-JUN-2020 07:00:00,102,10.373335231998,08-JUN-2020 09:52:40,"20.05.04",,""
"apexdemo","0001000000034626",02-JUN-2020 08:00:00,2,0.4683815953,08-JUN-2020 09:52:40,"20.05.04",,""
"apexdemo","0001000000034626",02-JUN-2020 09:00:00,2,0.4683815953,08-JUN-2020 09:52:40,"20.05.04",,""
"apexdemo","0001000000034626",02-JUN-2020 10:00:00,2,0.4683815953,08-JUN-2020 09:52:40,"20.05.04",,""
"apexdemo","0001000000034626",02-JUN-2020 11:00:00,2,0.4683815953,08-JUN-2020 09:52:40,"20.05.04",,""
"apexdemo","0001000000034626",02-JUN-2020 12:00:00,2,0.4683815953,08-JUN-2020 09:52:40,"20.05.04",,""
"apexdemo","0001000000034626",02-JUN-2020 13:00:00,2,0.4683815953,08-JUN-2020 09:52:40,"20.05.04",,""
"apexdemo","0001000000034626",02-JUN-2020 14:00:00,2,0.4683815953,08-JUN-2020 09:52:40,"20.05.04",,""
"apexdemo","0001000000034626",02-JUN-2020 15:00:00,2,0.4683815953,08-JUN-2020 09:52:40,"20.05.04",,""
"apexdemo","0001000000034626",02-JUN-2020 16:00:00,2,0.4683815953,08-JUN-2020 09:52:40,"20.05.04",,""
"apexdemo","0001000000034626",02-JUN-2020 17:00:00,2,0.4683815953,08-JUN-2020 09:52:40,"20.05.04",,""
"apexdemo","0001000000034626",02-JUN-2020 18:00:00,2,0.4683815953,08-JUN-2020 09:52:40,"20.05.04",,""
"apexdemo","0001000000034626",02-JUN-2020 19:00:00,2,0.4683815953,08-JUN-2020 09:52:40,"20.05.04",,""
"apexdemo","0001000000034626",02-JUN-2020 20:00:00,2,0.4683815953,08-JUN-2020 09:52:40,"20.05.04",,""
"apexdemo","0001000000034626",02-JUN-2020 21:00:00,2,0.4683815953,08-JUN-2020 09:52:40,"20.05.04",,""
"apexdemo","0001000000034626",02-JUN-2020 22:00:00,2,0.4683815953,08-JUN-2020 09:52:40,"20.05.04",,""
"apexdemo","0001000000034626",02-JUN-2020 23:00:00,2,0.4683815953,08-JUN-2020 09:52:40,"20.05.04",,""
"apexdemo","0001000000034626",03-JUN-2020 00:00:00,2,0.4683815953,08-JUN-2020 09:52:40,"20.05.04",,""
"apexdemo","0001000000034626",03-JUN-2020 01:00:00,2,0.4683815953,08-JUN-2020 09:52:40,"20.05.04",,""
"apexdemo","0001000000034626",03-JUN-2020 02:00:00,2,0.4683815953,08-JUN-2020 09:52:40,"20.05.04",,""
"apexdemo","0001000000034626",03-JUN-2020 03:00:00,2,0.4683815953,08-JUN-2020 09:52:40,"20.05.04",,""
"apexdemo","0001000000034626",03-JUN-2020 04:00:00,2,0.4683815953,08-JUN-2020 09:52:40,"20.05.04",,""
"apexdemo","0001000000034626",03-JUN-2020 05:00:00,2,0.4683815953,08-JUN-2020 09:52:40,"20.05.04",,""
"apexdemo","0001000000034626",03-JUN-2020 06:00:00,2,0.4683815953,08-JUN-2020 09:52:40,"20.05.04",,""
"apexdemo","0001000000035080",02-JUN-2020 08:00:00,111,9.904953636698,08-JUN-2020 09:52:40,"20.05.04",,""
"apexdemo","0001000000035080",02-JUN-2020 09:00:00,100,9.904953636698,08-JUN-2020 09:52:40,"20.05.04",,""
"apexdemo","0001000000035080",02-JUN-2020 10:00:00,100,9.904953636698,08-JUN-2020 09:52:40,"20.05.04",,""
"apexdemo","0001000000035080",02-JUN-2020 11:00:00,111,9.904953636698,08-JUN-2020 09:52:40,"20.05.04",,""
"apexdemo","0001000000035080",02-JUN-2020 12:00:00,100,9.904953636698,08-JUN-2020 09:52:40,"20.05.04",,""
"apexdemo","0001000000035080",02-JUN-2020 13:00:00,100,9.904953636698,08-JUN-2020 09:52:40,"20.05.04",,""
"apexdemo","0001000000035080",02-JUN-2020 14:00:00,100,9.904953636698,08-JUN-2020 09:52:40,"20.05.04",,""
"apexdemo","0001000000035080",02-JUN-2020 15:00:00,100,9.904953636698,08-JUN-2020 09:52:40,"20.05.04",,""
"apexdemo","0001000000035080",02-JUN-2020 16:00:00,100,9.904953636698,08-JUN-2020 09:52:40,"20.05.04",,""
"apexdemo","0001000000035080",02-JUN-2020 17:00:00,111,9.904953636698,08-JUN-2020 09:52:40,"20.05.04",,""
"apexdemo","0001000000035080",02-JUN-2020 18:00:00,100,9.904953636698,08-JUN-2020 09:52:40,"20.05.04",,""
"apexdemo","0001000000035080",02-JUN-2020 19:00:00,100,9.904953636698,08-JUN-2020 09:52:40,"20.05.04",,""
"apexdemo","0001000000035080",02-JUN-2020 20:00:00,100,9.904953636698,08-JUN-2020 09:52:40,"20.05.04",,""
"apexdemo","0001000000035080",02-JUN-2020 21:00:00,100,9.904953636698,08-JUN-2020 09:52:40,"20.05.04",,""
"apexdemo","0001000000035080",02-JUN-2020 22:00:00,100,9.904953636698,08-JUN-2020 09:52:40,"20.05.04",,""
"apexdemo","0001000000035080",02-JUN-2020 23:00:00,100,9.904953636698,08-JUN-2020 09:52:40,"20.05.04",,""
"apexdemo","0001000000035080",03-JUN-2020 00:00:00,100,9.904953636698,08-JUN-2020 09:52:40,"20.05.04",,""
"apexdemo","0001000000035080",03-JUN-2020 01:00:00,100,9.904953636698,08-JUN-2020 09:52:40,"20.05.04",,""
"apexdemo","0001000000035080",03-JUN-2020 02:00:00,100,9.904953636698,08-JUN-2020 09:52:40,"20.05.04",,""
"apexdemo","0001000000035080",03-JUN-2020 03:00:00,100,9.904953636698,08-JUN-2020 09:52:40,"20.05.04",,""
"apexdemo","0001000000035080",03-JUN-2020 04:00:00,100,9.908382644099,08-JUN-2020 09:52:40,"20.05.04",,""
"apexdemo","0001000000035080",03-JUN-2020 05:00:00,100,9.909339382097,08-JUN-2020 09:52:40,"20.05.04",,""
"apexdemo","0001000000035080",03-JUN-2020 06:00:00,100,9.909339382097,08-JUN-2020 09:52:40,"20.05.04",,""
"apexdemo","0001000000035080",03-JUN-2020 07:00:00,2,0.4683815953,08-JUN-2020 09:52:40,"20.05.04",,""
"apexdemo","0001000000035080",03-JUN-2020 08:00:00,2,0.4683815953,08-JUN-2020 09:52:40,"20.05.04",,""
"apexdemo","0001000000035080",03-JUN-2020 09:00:00,2,0.4683815953,08-JUN-2020 09:52:40,"20.05.04",,""
"apexdemo","0001000000035080",03-JUN-2020 10:00:00,2,0.4683815953,08-JUN-2020 09:52:40,"20.05.04",,""
"apexdemo","0001000000035080",03-JUN-2020 11:00:00,2,0.4683815953,08-JUN-2020 09:52:40,"20.05.04",,""
"apexdemo","0001000000035080",03-JUN-2020 12:00:00,2,0.4683815953,08-JUN-2020 09:52:40,"20.05.04",,""
"apexdemo","0001000000035080",03-JUN-2020 13:00:00,2,0.4683815953,08-JUN-2020 09:52:40,"20.05.04",,""
"apexdemo","0001000000035080",03-JUN-2020 14:00:00,2,0.4683815953,08-JUN-2020 09:52:40,"20.05.04",,""
"apexdemo","0001000000035080",03-JUN-2020 15:00:00,2,0.4683815953,08-JUN-2020 09:52:40,"20.05.04",,""
"apexdemo","0001000000035080",03-JUN-2020 16:00:00,2,0.4683815953,08-JUN-2020 09:52:40,"20.05.04",,""
"apexdemo","0001000000035080",03-JUN-2020 17:00:00,2,0.4683815953,08-JUN-2020 09:52:40,"20.05.04",,""
"apexdemo","0001000000035080",03-JUN-2020 18:00:00,2,0.4683815953,08-JUN-2020 09:52:40,"20.05.04",,""
"apexdemo","0001000000035080",03-JUN-2020 19:00:00,2,0.4683815953,08-JUN-2020 09:52:40,"20.05.04",,""
"apexdemo","0001000000035080",03-JUN-2020 20:00:00,2,0.4683815953,08-JUN-2020 09:52:40,"20.05.04",,""
"apexdemo","0001000000035080",03-JUN-2020 21:00:00,2,0.4683815953,08-JUN-2020 09:52:40,"20.05.04",,""
"apexdemo","0001000000035080",03-JUN-2020 22:00:00,2,0.4683815953,08-JUN-2020 09:52:40,"20.05.04",,""
"apexdemo","0001000000035080",03-JUN-2020 23:00:00,2,0.4683815953,08-JUN-2020 09:52:40,"20.05.04",,""
"apexdemo","0001000000035080",04-JUN-2020 00:00:00,2,0.4683815953,08-JUN-2020 09:52:40,"20.05.04",,""
"apexdemo","0001000000035080",04-JUN-2020 01:00:00,2,0.4683815953,08-JUN-2020 09:52:40,"20.05.04",,""
"apexdemo","0001000000035080",04-JUN-2020 02:00:00,2,0.4683815953,08-JUN-2020 09:52:40,"20.05.04",,""
"apexdemo","0001000000035080",04-JUN-2020 03:00:00,2,0.4683815953,08-JUN-2020 09:52:40,"20.05.04",,""
"apexdemo","0001000000035080",04-JUN-2020 04:00:00,2,0.4683815953,08-JUN-2020 09:52:40,"20.05.04",,""
"apexdemo","0001000000035080",04-JUN-2020 05:00:00,2,0.4683815953,08-JUN-2020 09:52:40,"20.05.04",,""
"apexdemo","0001000000035616",03-JUN-2020 07:00:00,100,9.909339382097,08-JUN-2020 09:52:40,"20.05.04",,""
"apexdemo","0001000000035616",03-JUN-2020 08:00:00,111,9.909339382097,08-JUN-2020 09:52:40,"20.05.04",,""
"apexdemo","0001000000035616",03-JUN-2020 09:00:00,100,9.909339382097,08-JUN-2020 09:52:40,"20.05.04",,""
"apexdemo","0001000000035616",03-JUN-2020 10:00:00,100,9.909339382097,08-JUN-2020 09:52:40,"20.05.04",,""
"apexdemo","0001000000035616",03-JUN-2020 11:00:00,100,9.909339382097,08-JUN-2020 09:52:40,"20.05.04",,""
"apexdemo","0001000000035616",03-JUN-2020 12:00:00,101,9.909339382097,08-JUN-2020 09:52:40,"20.05.04",,""
"apexdemo","0001000000035616",03-JUN-2020 13:00:00,100,9.909339382097,08-JUN-2020 09:52:40,"20.05.04",,""
"apexdemo","0001000000035616",03-JUN-2020 14:00:00,111,9.909339382097,08-JUN-2020 09:52:40,"20.05.04",,""
"apexdemo","0001000000035616",03-JUN-2020 15:00:00,111,9.909339382097,08-JUN-2020 09:52:40,"20.05.04",,""
"apexdemo","0001000000035616",03-JUN-2020 16:00:00,100,9.909339382097,08-JUN-2020 09:52:40,"20.05.04",,""
"apexdemo","0001000000035616",03-JUN-2020 17:00:00,100,9.909339382097,08-JUN-2020 09:52:40,"20.05.04",,""
"apexdemo","0001000000035616",03-JUN-2020 18:00:00,100,9.909339382097,08-JUN-2020 09:52:40,"20.05.04",,""
"apexdemo","0001000000035616",03-JUN-2020 19:00:00,100,9.909339382097,08-JUN-2020 09:52:40,"20.05.04",,""
"apexdemo","0001000000035616",03-JUN-2020 20:00:00,100,9.909339382097,08-JUN-2020 09:52:40,"20.05.04",,""
"apexdemo","0001000000035616",03-JUN-2020 21:00:00,100,9.909339382097,08-JUN-2020 09:52:40,"20.05.04",,""
"apexdemo","0001000000035616",03-JUN-2020 22:00:00,100,9.909339382097,08-JUN-2020 09:52:40,"20.05.04",,""
"apexdemo","0001000000035616",03-JUN-2020 23:00:00,100,9.909339382097,08-JUN-2020 09:52:40,"20.05.04",,""
"apexdemo","0001000000035616",04-JUN-2020 00:00:00,100,9.909339382097,08-JUN-2020 09:52:40,"20.05.04",,""
"apexdemo","0001000000035616",04-JUN-2020 01:00:00,100,9.909339382097,08-JUN-2020 09:52:40,"20.05.04",,""
"apexdemo","0001000000035616",04-JUN-2020 02:00:00,100,9.909339382097,08-JUN-2020 09:52:40,"20.05.04",,""
"apexdemo","0001000000035616",04-JUN-2020 03:00:00,100,9.909339382097,08-JUN-2020 09:52:40,"20.05.04",,""
"apexdemo","0001000000035616",04-JUN-2020 04:00:00,111,9.909339382097,08-JUN-2020 09:52:40,"20.05.04",,""
"apexdemo","0001000000035616",04-JUN-2020 05:00:00,111,9.909339382097,08-JUN-2020 09:52:40,"20.05.04",,""
"apexdemo","0001000000035616",04-JUN-2020 06:00:00,113,10.377720977397,08-JUN-2020 09:52:40,"20.05.04",,""
"apexdemo","0001000000035616",04-JUN-2020 07:00:00,102,10.377720977397,08-JUN-2020 09:52:40,"20.05.04",,""
"apexdemo","0001000000035616",04-JUN-2020 08:00:00,2,0.4683815953,08-JUN-2020 09:52:40,"20.05.04",,""
"apexdemo","0001000000035616",04-JUN-2020 09:00:00,2,0.4683815953,08-JUN-2020 09:52:40,"20.05.04",,""
"apexdemo","0001000000035616",04-JUN-2020 10:00:00,2,0.4683815953,08-JUN-2020 09:52:40,"20.05.04",,""
"apexdemo","0001000000035616",04-JUN-2020 11:00:00,2,0.4683815953,08-JUN-2020 09:52:40,"20.05.04",,""
"apexdemo","0001000000035616",04-JUN-2020 12:00:00,2,0.4683815953,08-JUN-2020 09:52:40,"20.05.04",,""
"apexdemo","0001000000035616",04-JUN-2020 13:00:00,2,0.4683815953,08-JUN-2020 09:52:40,"20.05.04",,""
"apexdemo","0001000000035616",04-JUN-2020 14:00:00,2,0.4683815953,08-JUN-2020 09:52:40,"20.05.04",,""
"apexdemo","0001000000035616",04-JUN-2020 15:00:00,2,0.4683815953,08-JUN-2020 09:52:40,"20.05.04",,""
"apexdemo","0001000000035616",04-JUN-2020 16:00:00,2,0.4683815953,08-JUN-2020 09:52:40,"20.05.04",,""
"apexdemo","0001000000035616",04-JUN-2020 17:00:00,2,0.4683815953,08-JUN-2020 09:52:40,"20.05.04",,""
"apexdemo","0001000000035616",04-JUN-2020 18:00:00,2,0.4683815953,08-JUN-2020 09:52:40,"20.05.04",,""
"apexdemo","0001000000035616",04-JUN-2020 19:00:00,2,0.4683815953,08-JUN-2020 09:52:40,"20.05.04",,""
"apexdemo","0001000000035616",04-JUN-2020 20:00:00,2,0.4683815953,08-JUN-2020 09:52:40,"20.05.04",,""
"apexdemo","0001000000035616",04-JUN-2020 21:00:00,2,0.4683815953,08-JUN-2020 09:52:40,"20.05.04",,""
"apexdemo","0001000000035616",04-JUN-2020 22:00:00,2,0.4683815953,08-JUN-2020 09:52:40,"20.05.04",,""
"apexdemo","0001000000035616",04-JUN-2020 23:00:00,2,0.4683815953,08-JUN-2020 09:52:40,"20.05.04",,""
"apexdemo","0001000000035616",05-JUN-2020 00:00:00,2,0.4683815953,08-JUN-2020 09:52:40,"20.05.04",,""
"apexdemo","0001000000035616",05-JUN-2020 01:00:00,2,0.4683815953,08-JUN-2020 09:52:40,"20.05.04",,""
"apexdemo","0001000000035616",05-JUN-2020 02:00:00,2,0.4683815953,08-JUN-2020 09:52:40,"20.05.04",,""
"apexdemo","0001000000035616",05-JUN-2020 03:00:00,2,0.4683815953,08-JUN-2020 09:52:40,"20.05.04",,""
"apexdemo","0001000000035616",05-JUN-2020 04:00:00,2,0.4683815953,08-JUN-2020 09:52:40,"20.05.04",,""
"apexdemo","0001000000035616",05-JUN-2020 05:00:00,2,0.4683815953,08-JUN-2020 09:52:40,"20.05.04",,""
"apexdemo","0001000000035616",05-JUN-2020 06:00:00,2,0.4683815953,08-JUN-2020 09:52:40,"20.05.04",,""
"apexdemo","0001000000036113",04-JUN-2020 08:00:00,100,9.909339382097,08-JUN-2020 09:52:40,"20.05.04",,""
"apexdemo","0001000000036113",04-JUN-2020 09:00:00,116,9.534302953697,08-JUN-2020 09:52:40,"20.05.04",,""
"apexdemo","0001000000036113",04-JUN-2020 10:00:00,114,9.469458532897,08-JUN-2020 09:52:40,"20.05.04",,""
"apexdemo","0001000000036113",04-JUN-2020 11:00:00,103,9.458384174599,08-JUN-2020 09:52:40,"20.05.04",,""
"apexdemo","0001000000036113",04-JUN-2020 12:00:00,113,9.440159978498,08-JUN-2020 09:52:40,"20.05.04",,""
"apexdemo","0001000000036113",04-JUN-2020 13:00:00,102,9.440159978498,08-JUN-2020 09:52:40,"20.05.04",,""
"apexdemo","0001000000036113",04-JUN-2020 14:00:00,116,9.440159978498,08-JUN-2020 09:52:40,"20.05.04",,""
"apexdemo","0001000000036113",04-JUN-2020 15:00:00,104,9.440159978498,08-JUN-2020 09:52:40,"20.05.04",,""
"apexdemo","0001000000036113",04-JUN-2020 16:00:00,104,9.440159978498,08-JUN-2020 09:52:40,"20.05.04",,""
"apexdemo","0001000000036113",04-JUN-2020 17:00:00,104,9.440159978498,08-JUN-2020 09:52:40,"20.05.04",,""
"apexdemo","0001000000036113",04-JUN-2020 18:00:00,104,9.440159978498,08-JUN-2020 09:52:40,"20.05.04",,""
"apexdemo","0001000000036113",04-JUN-2020 19:00:00,104,9.440159978498,08-JUN-2020 09:52:40,"20.05.04",,""
"apexdemo","0001000000036113",04-JUN-2020 20:00:00,104,9.440159978498,08-JUN-2020 09:52:40,"20.05.04",,""
"apexdemo","0001000000036113",04-JUN-2020 21:00:00,104,9.440159978498,08-JUN-2020 09:52:40,"20.05.04",,""
"apexdemo","0001000000036113",04-JUN-2020 22:00:00,104,9.440159978498,08-JUN-2020 09:52:40,"20.05.04",,""
"apexdemo","0001000000036113",04-JUN-2020 23:00:00,104,9.440159978498,08-JUN-2020 09:52:40,"20.05.04",,""
"apexdemo","0001000000036113",05-JUN-2020 00:00:00,104,9.440159978498,08-JUN-2020 09:52:40,"20.05.04",,""
"apexdemo","0001000000036113",05-JUN-2020 01:00:00,115,9.440159978498,08-JUN-2020 09:52:40,"20.05.04",,""
"apexdemo","0001000000036113",05-JUN-2020 02:00:00,104,9.440159978498,08-JUN-2020 09:52:40,"20.05.04",,""
"apexdemo","0001000000036113",05-JUN-2020 03:00:00,108,9.440159978498,08-JUN-2020 09:52:40,"20.05.04",,""
"apexdemo","0001000000036113",05-JUN-2020 04:00:00,104,9.440159978498,08-JUN-2020 09:52:40,"20.05.04",,""
"apexdemo","0001000000036113",05-JUN-2020 05:00:00,104,9.440159978498,08-JUN-2020 09:52:40,"20.05.04",,""
"apexdemo","0001000000036113",05-JUN-2020 06:00:00,115,9.440159978498,08-JUN-2020 09:52:40,"20.05.04",,""
"apexdemo","0001000000036113",05-JUN-2020 07:00:00,106,9.908541573798,08-JUN-2020 09:52:40,"20.05.04",,""
"apexdemo","0001000000036113",05-JUN-2020 08:00:00,2,0.4683815953,08-JUN-2020 09:52:40,"20.05.04",,""
"apexdemo","0001000000036113",05-JUN-2020 09:00:00,2,0.4683815953,08-JUN-2020 09:52:40,"20.05.04",,""
"apexdemo","0001000000036113",05-JUN-2020 10:00:00,2,0.4683815953,08-JUN-2020 09:52:40,"20.05.04",,""
"apexdemo","0001000000036113",05-JUN-2020 11:00:00,2,0.4683815953,08-JUN-2020 09:52:40,"20.05.04",,""
"apexdemo","0001000000036113",05-JUN-2020 12:00:00,2,0.4683815953,08-JUN-2020 09:52:40,"20.05.04",,""
"apexdemo","0001000000036113",05-JUN-2020 13:00:00,2,0.4683815953,08-JUN-2020 09:52:40,"20.05.04",,""
"apexdemo","0001000000036113",05-JUN-2020 14:00:00,2,0.4683815953,08-JUN-2020 09:52:40,"20.05.04",,""
"apexdemo","0001000000036113",05-JUN-2020 15:00:00,2,0.4683815953,08-JUN-2020 09:52:40,"20.05.04",,""
"apexdemo","0001000000036113",05-JUN-2020 16:00:00,2,0.4683815953,08-JUN-2020 09:52:40,"20.05.04",,""
"apexdemo","0001000000036113",05-JUN-2020 17:00:00,2,0.4683815953,08-JUN-2020 09:52:40,"20.05.04",,""
"apexdemo","0001000000036113",05-JUN-2020 18:00:00,2,0.4683815953,08-JUN-2020 09:52:40,"20.05.04",,""
"apexdemo","0001000000036113",05-JUN-2020 19:00:00,2,0.4683815953,08-JUN-2020 09:52:40,"20.05.04",,""
"apexdemo","0001000000036113",05-JUN-2020 20:00:00,2,0.4683815953,08-JUN-2020 09:52:40,"20.05.04",,""
"apexdemo","0001000000036113",05-JUN-2020 21:00:00,2,0.4683815953,08-JUN-2020 09:52:40,"20.05.04",,""
"apexdemo","0001000000036113",05-JUN-2020 22:00:00,2,0.4683815953,08-JUN-2020 09:52:40,"20.05.04",,""
"apexdemo","0001000000036113",05-JUN-2020 23:00:00,2,0.4683815953,08-JUN-2020 09:52:40,"20.05.04",,""
"apexdemo","0001000000036113",06-JUN-2020 00:00:00,2,0.4683815953,08-JUN-2020 09:52:40,"20.05.04",,""
"apexdemo","0001000000036113",06-JUN-2020 01:00:00,2,0.4683815953,08-JUN-2020 09:52:40,"20.05.04",,""
"apexdemo","0001000000036113",06-JUN-2020 02:00:00,2,0.4683815953,08-JUN-2020 09:52:40,"20.05.04",,""
"apexdemo","0001000000036113",06-JUN-2020 03:00:00,2,0.4683815953,08-JUN-2020 09:52:40,"20.05.04",,""
"apexdemo","0001000000036113",06-JUN-2020 04:00:00,2,0.4683815953,08-JUN-2020 09:52:40,"20.05.04",,""
"apexdemo","0001000000036113",06-JUN-2020 05:00:00,2,0.4683815953,08-JUN-2020 09:52:40,"20.05.04",,""
"apexdemo","0001000000036612",05-JUN-2020 08:00:00,104,9.440159978498,08-JUN-2020 09:52:40,"20.05.04",,""
"apexdemo","0001000000036612",05-JUN-2020 09:00:00,115,9.440159978498,08-JUN-2020 09:52:40,"20.05.04",,""
"apexdemo","0001000000036612",05-JUN-2020 10:00:00,104,9.440159978498,08-JUN-2020 09:52:40,"20.05.04",,""
"apexdemo","0001000000036612",05-JUN-2020 11:00:00,104,9.440159978498,08-JUN-2020 09:52:40,"20.05.04",,""
"apexdemo","0001000000036612",05-JUN-2020 12:00:00,115,9.440159978498,08-JUN-2020 09:52:40,"20.05.04",,""
"apexdemo","0001000000036612",05-JUN-2020 13:00:00,115,9.440159978498,08-JUN-2020 09:52:40,"20.05.04",,""
"apexdemo","0001000000036612",05-JUN-2020 14:00:00,105,9.440159978498,08-JUN-2020 09:52:40,"20.05.04",,""
"apexdemo","0001000000036612",05-JUN-2020 15:00:00,115,9.440159978498,08-JUN-2020 09:52:40,"20.05.04",,""
"apexdemo","0001000000036612",05-JUN-2020 16:00:00,104,9.440159978498,08-JUN-2020 09:52:40,"20.05.04",,""
"apexdemo","0001000000036612",05-JUN-2020 17:00:00,104,9.440159978498,08-JUN-2020 09:52:40,"20.05.04",,""
"apexdemo","0001000000036612",05-JUN-2020 18:00:00,115,9.440159978498,08-JUN-2020 09:52:40,"20.05.04",,""
"apexdemo","0001000000036612",05-JUN-2020 19:00:00,104,9.440159978498,08-JUN-2020 09:52:40,"20.05.04",,""
"apexdemo","0001000000036612",05-JUN-2020 20:00:00,104,9.440159978498,08-JUN-2020 09:52:40,"20.05.04",,""
"apexdemo","0001000000036612",05-JUN-2020 21:00:00,104,9.440159978498,08-JUN-2020 09:52:40,"20.05.04",,""
"apexdemo","0001000000036612",05-JUN-2020 22:00:00,104,9.440159978498,08-JUN-2020 09:52:40,"20.05.04",,""
"apexdemo","0001000000036612",05-JUN-2020 23:00:00,104,9.440159978498,08-JUN-2020 09:52:40,"20.05.04",,""
"apexdemo","0001000000036612",06-JUN-2020 00:00:00,104,9.440159978498,08-JUN-2020 09:52:40,"20.05.04",,""
"apexdemo","0001000000036612",06-JUN-2020 01:00:00,104,9.440159978498,08-JUN-2020 09:52:40,"20.05.04",,""
"apexdemo","0001000000036612",06-JUN-2020 02:00:00,108,9.440159978498,08-JUN-2020 09:52:40,"20.05.04",,""
"apexdemo","0001000000036612",06-JUN-2020 03:00:00,104,9.440159978498,08-JUN-2020 09:52:40,"20.05.04",,""
"apexdemo","0001000000036612",06-JUN-2020 04:00:00,104,9.440159978498,08-JUN-2020 09:52:40,"20.05.04",,""
"apexdemo","0001000000036612",06-JUN-2020 05:00:00,104,9.440159978498,08-JUN-2020 09:52:40,"20.05.04",,""
"apexdemo","0001000000036612",06-JUN-2020 06:00:00,106,9.908541573798,08-JUN-2020 09:52:40,"20.05.04",,""
"apexdemo","0001000000036612",06-JUN-2020 07:00:00,106,9.908541573798,08-JUN-2020 09:52:40,"20.05.04",,""
"apexdemo","0001000000036612",06-JUN-2020 08:00:00,2,0.4683815953,08-JUN-2020 09:52:40,"20.05.04",,""
"apexdemo","0001000000036612",06-JUN-2020 09:00:00,2,0.4683815953,08-JUN-2020 09:52:40,"20.05.04",,""
"apexdemo","0001000000036612",06-JUN-2020 10:00:00,2,0.4683815953,08-JUN-2020 09:52:40,"20.05.04",,""
"apexdemo","0001000000036612",06-JUN-2020 11:00:00,2,0.4683815953,08-JUN-2020 09:52:40,"20.05.04",,""
"apexdemo","0001000000036612",06-JUN-2020 12:00:00,2,0.4683815953,08-JUN-2020 09:52:40,"20.05.04",,""
"apexdemo","0001000000036612",06-JUN-2020 13:00:00,2,0.4683815953,08-JUN-2020 09:52:40,"20.05.04",,""
"apexdemo","0001000000036612",06-JUN-2020 14:00:00,2,0.4683815953,08-JUN-2020 09:52:40,"20.05.04",,""
"apexdemo","0001000000036612",06-JUN-2020 15:00:00,2,0.4683815953,08-JUN-2020 09:52:40,"20.05.04",,""
"apexdemo","0001000000030687",26-MAY-2020 00:00:00,2,0.4683815953,08-JUN-2020 09:52:40,"20.05.04",,""
"apexdemo","0001000000030687",26-MAY-2020 01:00:00,2,0.4683815953,08-JUN-2020 09:52:40,"20.05.04",,""
"apexdemo","0001000000030687",26-MAY-2020 02:00:00,2,0.4683815953,08-JUN-2020 09:52:40,"20.05.04",,""
"apexdemo","0001000000030687",26-MAY-2020 03:00:00,2,0.4683815953,08-JUN-2020 09:52:40,"20.05.04",,""
"apexdemo","0001000000030687",26-MAY-2020 04:00:00,2,0.4683815953,08-JUN-2020 09:52:40,"20.05.04",,""
"apexdemo","0001000000031154",26-MAY-2020 00:00:00,100,9.909339382097,08-JUN-2020 09:52:40,"20.05.04",,""
"apexdemo","0001000000031154",26-MAY-2020 01:00:00,100,9.909339382097,08-JUN-2020 09:52:40,"20.05.04",,""
"apexdemo","0001000000031154",26-MAY-2020 02:00:00,100,9.909339382097,08-JUN-2020 09:52:40,"20.05.04",,""
"apexdemo","0001000000031154",26-MAY-2020 03:00:00,100,9.909339382097,08-JUN-2020 09:52:40,"20.05.04",,""
"apexdemo","0001000000031154",26-MAY-2020 04:00:00,100,9.909339382097,08-JUN-2020 09:52:40,"20.05.04",,""
"apexdemo","0001000000031154",26-MAY-2020 05:00:00,102,10.377720977397,08-JUN-2020 09:52:40,"20.05.04",,""
"apexdemo","0001000000031154",26-MAY-2020 06:00:00,90,4.839290434897,08-JUN-2020 09:52:40,"20.05.04",,""
"apexdemo","0001000000031154",26-MAY-2020 07:00:00,2,0.4683815953,08-JUN-2020 09:52:40,"20.05.04",,""
"apexdemo","0001000000031154",26-MAY-2020 08:00:00,2,0.4683815953,08-JUN-2020 09:52:40,"20.05.04",,""
"apexdemo","0001000000031154",26-MAY-2020 09:00:00,2,0.4683815953,08-JUN-2020 09:52:40,"20.05.04",,""
"apexdemo","0001000000031154",26-MAY-2020 10:00:00,2,0.4683815953,08-JUN-2020 09:52:40,"20.05.04",,""
"apexdemo","0001000000031154",26-MAY-2020 11:00:00,2,0.4683815953,08-JUN-2020 09:52:40,"20.05.04",,""
"apexdemo","0001000000031154",26-MAY-2020 12:00:00,2,0.4683815953,08-JUN-2020 09:52:40,"20.05.04",,""
"apexdemo","0001000000031154",26-MAY-2020 13:00:00,2,0.4683815953,08-JUN-2020 09:52:40,"20.05.04",,""
"apexdemo","0001000000031154",26-MAY-2020 14:00:00,2,0.4683815953,08-JUN-2020 09:52:40,"20.05.04",,""
"apexdemo","0001000000031154",26-MAY-2020 15:00:00,2,0.4683815953,08-JUN-2020 09:52:40,"20.05.04",,""
"apexdemo","0001000000031154",26-MAY-2020 16:00:00,2,0.4683815953,08-JUN-2020 09:52:40,"20.05.04",,""
"apexdemo","0001000000031154",26-MAY-2020 17:00:00,2,0.4683815953,08-JUN-2020 09:52:40,"20.05.04",,""
"apexdemo","0001000000031154",26-MAY-2020 18:00:00,2,0.4683815953,08-JUN-2020 09:52:40,"20.05.04",,""
"apexdemo","0001000000031154",26-MAY-2020 19:00:00,2,0.4683815953,08-JUN-2020 09:52:40,"20.05.04",,""
"apexdemo","0001000000031154",26-MAY-2020 20:00:00,2,0.4683815953,08-JUN-2020 09:52:40,"20.05.04",,""
"apexdemo","0001000000031154",26-MAY-2020 21:00:00,2,0.4683815953,08-JUN-2020 09:52:40,"20.05.04",,""
"apexdemo","0001000000031154",26-MAY-2020 22:00:00,2,0.4683815953,08-JUN-2020 09:52:40,"20.05.04",,""
"apexdemo","0001000000031154",26-MAY-2020 23:00:00,2,0.4683815953,08-JUN-2020 09:52:40,"20.05.04",,""
"apexdemo","0001000000031154",27-MAY-2020 00:00:00,2,0.4683815953,08-JUN-2020 09:52:40,"20.05.04",,""
"apexdemo","0001000000031154",27-MAY-2020 01:00:00,2,0.4683815953,08-JUN-2020 09:52:40,"20.05.04",,""
"apexdemo","0001000000031154",27-MAY-2020 02:00:00,2,0.4683815953,08-JUN-2020 09:52:40,"20.05.04",,""
"apexdemo","0001000000031154",27-MAY-2020 03:00:00,2,0.4683815953,08-JUN-2020 09:52:40,"20.05.04",,""
"apexdemo","0001000000031154",27-MAY-2020 04:00:00,2,0.4683815953,08-JUN-2020 09:52:40,"20.05.04",,""
"apexdemo","0001000000031154",27-MAY-2020 05:00:00,2,0.4683815953,08-JUN-2020 09:52:40,"20.05.04",,""
"apexdemo","0001000000031595",26-MAY-2020 06:00:00,12,5.5384305425,08-JUN-2020 09:52:40,"20.05.04",,""
"apexdemo","0001000000031595",26-MAY-2020 07:00:00,100,9.909339382097,08-JUN-2020 09:52:40,"20.05.04",,""
"apexdemo","0001000000031595",26-MAY-2020 08:00:00,111,9.909339382097,08-JUN-2020 09:52:40,"20.05.04",,""
"apexdemo","0001000000031595",26-MAY-2020 09:00:00,100,9.909339382097,08-JUN-2020 09:52:40,"20.05.04",,""
"apexdemo","0001000000031595",26-MAY-2020 10:00:00,100,9.909339382097,08-JUN-2020 09:52:40,"20.05.04",,""
"apexdemo","0001000000031595",26-MAY-2020 11:00:00,100,9.909339382097,08-JUN-2020 09:52:40,"20.05.04",,""
"apexdemo","0001000000031595",26-MAY-2020 12:00:00,100,9.909339382097,08-JUN-2020 09:52:40,"20.05.04",,""
"apexdemo","0001000000031595",26-MAY-2020 13:00:00,111,9.909339382097,08-JUN-2020 09:52:40,"20.05.04",,""
"apexdemo","0001000000031595",26-MAY-2020 14:00:00,100,9.909339382097,08-JUN-2020 09:52:40,"20.05.04",,""
"apexdemo","0001000000031595",26-MAY-2020 15:00:00,111,9.909339382097,08-JUN-2020 09:52:40,"20.05.04",,""
"apexdemo","0001000000031595",26-MAY-2020 16:00:00,111,9.909339382097,08-JUN-2020 09:52:40,"20.05.04",,""
"apexdemo","0001000000031595",26-MAY-2020 17:00:00,100,9.909339382097,08-JUN-2020 09:52:40,"20.05.04",,""
"apexdemo","0001000000031595",26-MAY-2020 18:00:00,100,9.909339382097,08-JUN-2020 09:52:40,"20.05.04",,""
"apexdemo","0001000000031595",26-MAY-2020 19:00:00,100,9.909339382097,08-JUN-2020 09:52:40,"20.05.04",,""
"apexdemo","0001000000031595",26-MAY-2020 20:00:00,100,9.909339382097,08-JUN-2020 09:52:40,"20.05.04",,""
"apexdemo","0001000000031595",26-MAY-2020 21:00:00,100,9.909339382097,08-JUN-2020 09:52:40,"20.05.04",,""
"apexdemo","0001000000031595",26-MAY-2020 22:00:00,100,9.909339382097,08-JUN-2020 09:52:40,"20.05.04",,""
"apexdemo","0001000000031595",26-MAY-2020 23:00:00,100,9.909339382097,08-JUN-2020 09:52:40,"20.05.04",,""
"apexdemo","0001000000031595",27-MAY-2020 00:00:00,100,9.909339382097,08-JUN-2020 09:52:40,"20.05.04",,""
"apexdemo","0001000000031595",27-MAY-2020 01:00:00,100,9.909339382097,08-JUN-2020 09:52:40,"20.05.04",,""
"apexdemo","0001000000031595",27-MAY-2020 02:00:00,100,9.909339382097,08-JUN-2020 09:52:40,"20.05.04",,""
"apexdemo","0001000000031595",27-MAY-2020 03:00:00,100,9.909339382097,08-JUN-2020 09:52:40,"20.05.04",,""
"apexdemo","0001000000031595",27-MAY-2020 04:00:00,100,9.909339382097,08-JUN-2020 09:52:40,"20.05.04",,""
"apexdemo","0001000000031595",27-MAY-2020 06:00:00,2,0.4683815953,08-JUN-2020 09:52:40,"20.05.04",,""
"apexdemo","0001000000031595",27-MAY-2020 07:00:00,2,0.4683815953,08-JUN-2020 09:52:40,"20.05.04",,""
"apexdemo","0001000000031595",27-MAY-2020 08:00:00,2,0.4683815953,08-JUN-2020 09:52:40,"20.05.04",,""
"apexdemo","0001000000031595",27-MAY-2020 09:00:00,2,0.4683815953,08-JUN-2020 09:52:40,"20.05.04",,""
"apexdemo","0001000000031595",27-MAY-2020 10:00:00,2,0.4683815953,08-JUN-2020 09:52:40,"20.05.04",,""
"apexdemo","0001000000031595",27-MAY-2020 11:00:00,2,0.4683815953,08-JUN-2020 09:52:40,"20.05.04",,""
"apexdemo","0001000000031595",27-MAY-2020 12:00:00,2,0.4683815953,08-JUN-2020 09:52:40,"20.05.04",,""
"apexdemo","0001000000031595",27-MAY-2020 13:00:00,2,0.4683815953,08-JUN-2020 09:52:40,"20.05.04",,""
"apexdemo","0001000000031595",27-MAY-2020 14:00:00,2,0.4683815953,08-JUN-2020 09:52:40,"20.05.04",,""
"apexdemo","0001000000031595",27-MAY-2020 15:00:00,2,0.4683815953,08-JUN-2020 09:52:40,"20.05.04",,""
"apexdemo","0001000000031595",27-MAY-2020 16:00:00,2,0.4683815953,08-JUN-2020 09:52:40,"20.05.04",,""
"apexdemo","0001000000031595",27-MAY-2020 17:00:00,2,0.4683815953,08-JUN-2020 09:52:40,"20.05.04",,""
"apexdemo","0001000000031595",27-MAY-2020 18:00:00,2,0.4683815953,08-JUN-2020 09:52:40,"20.05.04",,""
"apexdemo","0001000000031595",27-MAY-2020 19:00:00,2,0.4683815953,08-JUN-2020 09:52:40,"20.05.04",,""
"apexdemo","0001000000031595",27-MAY-2020 20:00:00,2,0.4683815953,08-JUN-2020 09:52:40,"20.05.04",,""
"apexdemo","0001000000031595",27-MAY-2020 21:00:00,2,0.4683815953,08-JUN-2020 09:52:40,"20.05.04",,""
"apexdemo","0001000000031595",27-MAY-2020 22:00:00,2,0.4683815953,08-JUN-2020 09:52:40,"20.05.04",,""
"apexdemo","0001000000031595",27-MAY-2020 23:00:00,2,0.4683815953,08-JUN-2020 09:52:40,"20.05.04",,""
"apexdemo","0001000000031595",28-MAY-2020 00:00:00,2,0.4683815953,08-JUN-2020 09:52:40,"20.05.04",,""
"apexdemo","0001000000031595",28-MAY-2020 01:00:00,2,0.4683815953,08-JUN-2020 09:52:40,"20.05.04",,""
"apexdemo","0001000000031595",28-MAY-2020 02:00:00,2,0.4683815953,08-JUN-2020 09:52:40,"20.05.04",,""
"apexdemo","0001000000031595",28-MAY-2020 03:00:00,2,0.4683815953,08-JUN-2020 09:52:40,"20.05.04",,""
"apexdemo","0001000000032182",27-MAY-2020 05:00:00,100,9.909339382097,08-JUN-2020 09:52:40,"20.05.04",,""
"apexdemo","0001000000032182",27-MAY-2020 06:00:00,100,9.909339382097,08-JUN-2020 09:52:40,"20.05.04",,""
"apexdemo","0001000000032182",27-MAY-2020 07:00:00,111,9.909339382097,08-JUN-2020 09:52:40,"20.05.04",,""
"apexdemo","0001000000032182",27-MAY-2020 08:00:00,100,9.909339382097,08-JUN-2020 09:52:40,"20.05.04",,""
"apexdemo","0001000000032182",27-MAY-2020 09:00:00,100,9.909339382097,08-JUN-2020 09:52:40,"20.05.04",,""
"apexdemo","0001000000032182",27-MAY-2020 10:00:00,111,9.909339382097,08-JUN-2020 09:52:40,"20.05.04",,""
"apexdemo","0001000000032182",27-MAY-2020 11:00:00,111,9.909339382097,08-JUN-2020 09:52:40,"20.05.04",,""
"apexdemo","0001000000032182",27-MAY-2020 12:00:00,100,9.909339382097,08-JUN-2020 09:52:40,"20.05.04",,""
"apexdemo","0001000000032182",27-MAY-2020 13:00:00,100,9.909339382097,08-JUN-2020 09:52:40,"20.05.04",,""
"apexdemo","0001000000032182",27-MAY-2020 14:00:00,111,9.909339382097,08-JUN-2020 09:52:40,"20.05.04",,""
"apexdemo","0001000000032182",27-MAY-2020 15:00:00,100,9.909339382097,08-JUN-2020 09:52:40,"20.05.04",,""
"apexdemo","0001000000032182",27-MAY-2020 16:00:00,100,9.909339382097,08-JUN-2020 09:52:40,"20.05.04",,""
"apexdemo","0001000000032182",27-MAY-2020 17:00:00,100,9.909339382097,08-JUN-2020 09:52:40,"20.05.04",,""
"apexdemo","0001000000032182",27-MAY-2020 18:00:00,111,9.909339382097,08-JUN-2020 09:52:40,"20.05.04",,""
"apexdemo","0001000000032182",27-MAY-2020 19:00:00,100,9.909339382097,08-JUN-2020 09:52:40,"20.05.04",,""
"apexdemo","0001000000032182",27-MAY-2020 20:00:00,111,9.909339382097,08-JUN-2020 09:52:40,"20.05.04",,""
"apexdemo","0001000000032182",27-MAY-2020 21:00:00,100,9.909339382097,08-JUN-2020 09:52:40,"20.05.04",,""
"apexdemo","0001000000032182",27-MAY-2020 22:00:00,111,9.909339382097,08-JUN-2020 09:52:40,"20.05.04",,""
"apexdemo","0001000000032182",27-MAY-2020 23:00:00,100,9.909339382097,08-JUN-2020 09:52:40,"20.05.04",,""
"apexdemo","0001000000032182",28-MAY-2020 00:00:00,100,9.909339382097,08-JUN-2020 09:52:40,"20.05.04",,""
"apexdemo","0001000000032182",28-MAY-2020 01:00:00,100,9.909339382097,08-JUN-2020 09:52:40,"20.05.04",,""
"apexdemo","0001000000032182",28-MAY-2020 02:00:00,111,9.909339382097,08-JUN-2020 09:52:40,"20.05.04",,""
"apexdemo","0001000000032182",28-MAY-2020 03:00:00,100,9.909339382097,08-JUN-2020 09:52:40,"20.05.04",,""
"apexdemo","0001000000032182",28-MAY-2020 04:00:00,102,10.377720977397,08-JUN-2020 09:52:40,"20.05.04",,""
"apexdemo","0001000000032182",28-MAY-2020 05:00:00,102,10.377720977397,08-JUN-2020 09:52:40,"20.05.04",,""
"apexdemo","0001000000032182",28-MAY-2020 06:00:00,2,0.4683815953,08-JUN-2020 09:52:40,"20.05.04",,""
"apexdemo","0001000000032182",28-MAY-2020 07:00:00,2,0.4683815953,08-JUN-2020 09:52:40,"20.05.04",,""
"apexdemo","0001000000032182",28-MAY-2020 08:00:00,2,0.4683815953,08-JUN-2020 09:52:40,"20.05.04",,""
"apexdemo","0001000000032182",28-MAY-2020 09:00:00,2,0.4683815953,08-JUN-2020 09:52:40,"20.05.04",,""
"apexdemo","0001000000032182",28-MAY-2020 10:00:00,2,0.4683815953,08-JUN-2020 09:52:40,"20.05.04",,""
"apexdemo","0001000000032182",28-MAY-2020 11:00:00,2,0.4683815953,08-JUN-2020 09:52:40,"20.05.04",,""
"apexdemo","0001000000032182",28-MAY-2020 12:00:00,2,0.4683815953,08-JUN-2020 09:52:40,"20.05.04",,""
"apexdemo","0001000000032182",28-MAY-2020 13:00:00,2,0.4683815953,08-JUN-2020 09:52:40,"20.05.04",,""
"apexdemo","0001000000032182",28-MAY-2020 14:00:00,2,0.4683815953,08-JUN-2020 09:52:40,"20.05.04",,""
"apexdemo","0001000000032182",28-MAY-2020 15:00:00,2,0.4683815953,08-JUN-2020 09:52:40,"20.05.04",,""
"apexdemo","0001000000032182",28-MAY-2020 16:00:00,2,0.4683815953,08-JUN-2020 09:52:40,"20.05.04",,""
"apexdemo","0001000000032182",28-MAY-2020 17:00:00,2,0.4683815953,08-JUN-2020 09:52:40,"20.05.04",,""
"apexdemo","0001000000032182",28-MAY-2020 18:00:00,2,0.4683815953,08-JUN-2020 09:52:40,"20.05.04",,""
"apexdemo","0001000000032182",28-MAY-2020 19:00:00,2,0.4683815953,08-JUN-2020 09:52:40,"20.05.04",,""
"apexdemo","0001000000032182",28-MAY-2020 20:00:00,2,0.4683815953,08-JUN-2020 09:52:40,"20.05.04",,""
"apexdemo","0001000000032182",28-MAY-2020 21:00:00,2,0.4683815953,08-JUN-2020 09:52:40,"20.05.04",,""
"apexdemo","0001000000032182",28-MAY-2020 22:00:00,2,0.4683815953,08-JUN-2020 09:52:40,"20.05.04",,""
"apexdemo","0001000000032182",28-MAY-2020 23:00:00,2,0.4683815953,08-JUN-2020 09:52:40,"20.05.04",,""
"apexdemo","0001000000032182",29-MAY-2020 00:00:00,2,0.4683815953,08-JUN-2020 09:52:40,"20.05.04",,""
"apexdemo","0001000000032182",29-MAY-2020 01:00:00,2,0.4683815953,08-JUN-2020 09:52:40,"20.05.04",,""
"apexdemo","0001000000032182",29-MAY-2020 02:00:00,2,0.4683815953,08-JUN-2020 09:52:40,"20.05.04",,""
"apexdemo","0001000000032182",29-MAY-2020 03:00:00,2,0.4683815953,08-JUN-2020 09:52:40,"20.05.04",,""
"apexdemo","0001000000032182",29-MAY-2020 04:00:00,2,0.4683815953,08-JUN-2020 09:52:40,"20.05.04",,""
"apexdemo","0001000000032182",29-MAY-2020 05:00:00,2,0.4683815953,08-JUN-2020 09:52:40,"20.05.04",,""
"apexdemo","0001000000032670",28-MAY-2020 06:00:00,111,9.909339382097,08-JUN-2020 09:52:40,"20.05.04",,""
"apexdemo","0001000000032670",28-MAY-2020 07:00:00,111,9.909339382097,08-JUN-2020 09:52:40,"20.05.04",,""
"apexdemo","0001000000032670",28-MAY-2020 08:00:00,100,9.909339382097,08-JUN-2020 09:52:40,"20.05.04",,""
"apexdemo","0001000000032670",28-MAY-2020 09:00:00,111,9.909339382097,08-JUN-2020 09:52:40,"20.05.04",,""
"apexdemo","0001000000032670",28-MAY-2020 10:00:00,100,9.909339382097,08-JUN-2020 09:52:40,"20.05.04",,""
"apexdemo","0001000000032670",28-MAY-2020 11:00:00,100,9.909339382097,08-JUN-2020 09:52:40,"20.05.04",,""
"apexdemo","0001000000032670",28-MAY-2020 12:00:00,100,9.909339382097,08-JUN-2020 09:52:40,"20.05.04",,""
"apexdemo","0001000000032670",28-MAY-2020 13:00:00,111,9.909339382097,08-JUN-2020 09:52:40,"20.05.04",,""
"apexdemo","0001000000032670",28-MAY-2020 14:00:00,111,9.909339382097,08-JUN-2020 09:52:40,"20.05.04",,""
"apexdemo","0001000000032670",28-MAY-2020 15:00:00,111,9.909339382097,08-JUN-2020 09:52:40,"20.05.04",,""
"apexdemo","0001000000032670",28-MAY-2020 16:00:00,100,9.909339382097,08-JUN-2020 09:52:40,"20.05.04",,""
"apexdemo","0001000000032670",28-MAY-2020 17:00:00,111,9.909339382097,08-JUN-2020 09:52:40,"20.05.04",,""
"apexdemo","0001000000032670",28-MAY-2020 18:00:00,100,9.909339382097,08-JUN-2020 09:52:40,"20.05.04",,""
"apexdemo","0001000000032670",28-MAY-2020 19:00:00,100,9.909339382097,08-JUN-2020 09:52:40,"20.05.04",,""
"apexdemo","0001000000032670",28-MAY-2020 20:00:00,100,9.909339382097,08-JUN-2020 09:52:40,"20.05.04",,""
"apexdemo","0001000000032670",28-MAY-2020 21:00:00,111,9.909339382097,08-JUN-2020 09:52:40,"20.05.04",,""
"apexdemo","0001000000032670",28-MAY-2020 22:00:00,100,9.909339382097,08-JUN-2020 09:52:40,"20.05.04",,""
"apexdemo","0001000000032670",28-MAY-2020 23:00:00,111,9.909339382097,08-JUN-2020 09:52:40,"20.05.04",,""
"apexdemo","0001000000032670",29-MAY-2020 00:00:00,100,9.909339382097,08-JUN-2020 09:52:40,"20.05.04",,""
"apexdemo","0001000000032670",29-MAY-2020 01:00:00,100,9.909339382097,08-JUN-2020 09:52:40,"20.05.04",,""
"apexdemo","0001000000032670",29-MAY-2020 02:00:00,100,9.909339382097,08-JUN-2020 09:52:40,"20.05.04",,""
"apexdemo","0001000000032670",29-MAY-2020 03:00:00,100,9.909339382097,08-JUN-2020 09:52:40,"20.05.04",,""
"apexdemo","0001000000032670",29-MAY-2020 04:00:00,100,9.909339382097,08-JUN-2020 09:52:40,"20.05.04",,""
"apexdemo","0001000000032670",29-MAY-2020 05:00:00,100,9.909339382097,08-JUN-2020 09:52:40,"20.05.04",,""
"apexdemo","0001000000032670",29-MAY-2020 06:00:00,2,0.4683815953,08-JUN-2020 09:52:40,"20.05.04",,""
"apexdemo","0001000000032670",29-MAY-2020 07:00:00,2,0.4683815953,08-JUN-2020 09:52:40,"20.05.04",,""
"apexdemo","0001000000032670",29-MAY-2020 08:00:00,2,0.4683815953,08-JUN-2020 09:52:40,"20.05.04",,""
"apexdemo","0001000000032670",29-MAY-2020 09:00:00,2,0.4683815953,08-JUN-2020 09:52:40,"20.05.04",,""
"apexdemo","0001000000032670",29-MAY-2020 10:00:00,2,0.4683815953,08-JUN-2020 09:52:40,"20.05.04",,""
"apexdemo","0001000000032670",29-MAY-2020 11:00:00,2,0.4683815953,08-JUN-2020 09:52:40,"20.05.04",,""
"apexdemo","0001000000032670",29-MAY-2020 12:00:00,2,0.4683815953,08-JUN-2020 09:52:40,"20.05.04",,""
"apexdemo","0001000000032670",29-MAY-2020 13:00:00,2,0.4683815953,08-JUN-2020 09:52:40,"20.05.04",,""
"apexdemo","0001000000032670",29-MAY-2020 14:00:00,2,0.4683815953,08-JUN-2020 09:52:40,"20.05.04",,""
"apexdemo","0001000000032670",29-MAY-2020 15:00:00,2,0.4683815953,08-JUN-2020 09:52:40,"20.05.04",,""
"apexdemo","0001000000032670",29-MAY-2020 16:00:00,2,0.4683815953,08-JUN-2020 09:52:40,"20.05.04",,""
"apexdemo","0001000000032670",29-MAY-2020 17:00:00,2,0.4683815953,08-JUN-2020 09:52:40,"20.05.04",,""
"apexdemo","0001000000032670",29-MAY-2020 18:00:00,2,0.4683815953,08-JUN-2020 09:52:40,"20.05.04",,""
"apexdemo","0001000000032670",29-MAY-2020 19:00:00,2,0.4683815953,08-JUN-2020 09:52:40,"20.05.04",,""
"apexdemo","0001000000036612",06-JUN-2020 16:00:00,2,0.4683815953,08-JUN-2020 09:52:40,"20.05.04",,""
"apexdemo","0001000000036612",06-JUN-2020 17:00:00,2,0.4683815953,08-JUN-2020 09:52:40,"20.05.04",,""
"apexdemo","0001000000036612",06-JUN-2020 18:00:00,2,0.4683815953,08-JUN-2020 09:52:40,"20.05.04",,""
"apexdemo","0001000000036612",06-JUN-2020 19:00:00,2,0.4683815953,08-JUN-2020 09:52:40,"20.05.04",,""
"apexdemo","0001000000036612",06-JUN-2020 20:00:00,2,0.4683815953,08-JUN-2020 09:52:40,"20.05.04",,""
"apexdemo","0001000000036612",06-JUN-2020 21:00:00,2,0.4683815953,08-JUN-2020 09:52:40,"20.05.04",,""
"apexdemo","0001000000036612",06-JUN-2020 22:00:00,2,0.4683815953,08-JUN-2020 09:52:40,"20.05.04",,""
"apexdemo","0001000000036612",06-JUN-2020 23:00:00,2,0.4683815953,08-JUN-2020 09:52:40,"20.05.04",,""
"apexdemo","0001000000036612",07-JUN-2020 00:00:00,2,0.4683815953,08-JUN-2020 09:52:40,"20.05.04",,""
"apexdemo","0001000000036612",07-JUN-2020 01:00:00,2,0.4683815953,08-JUN-2020 09:52:40,"20.05.04",,""
"apexdemo","0001000000036612",07-JUN-2020 02:00:00,2,0.4683815953,08-JUN-2020 09:52:40,"20.05.04",,""
"apexdemo","0001000000036612",07-JUN-2020 03:00:00,2,0.4683815953,08-JUN-2020 09:52:40,"20.05.04",,""
"apexdemo","0001000000036612",07-JUN-2020 04:00:00,2,0.4683815953,08-JUN-2020 09:52:40,"20.05.04",,""
"apexdemo","0001000000036612",07-JUN-2020 05:00:00,2,0.4683815953,08-JUN-2020 09:52:40,"20.05.04",,""
"apexdemo","0001000000036612",07-JUN-2020 06:00:00,2,0.4683815953,08-JUN-2020 09:52:40,"20.05.04",,""
"melaniedemo","0001000000034028",05-JUN-2020 18:00:00,10,0.0021077265,08-JUN-2020 09:59:19,"20.05.11",0.0021077265,"GBP"
"melaniedemo","0001000000034028",05-JUN-2020 19:00:00,10,0.0021077265,08-JUN-2020 09:59:19,"20.05.11",0.0021077265,"GBP"
"melaniedemo","0001000000034028",05-JUN-2020 20:00:00,10,0.0021077265,08-JUN-2020 09:59:19,"20.05.11",0.0021077265,"GBP"
"melaniedemo","0001000000034028",05-JUN-2020 21:00:00,10,0.0021077265,08-JUN-2020 09:59:19,"20.05.11",0.0021077265,"GBP"
"melaniedemo","0001000000034428",05-JUN-2020 22:00:00,10,0.0021077265,08-JUN-2020 09:59:19,"20.05.11",0.0021077265,"GBP"
"melaniedemo","0001000000034428",05-JUN-2020 23:00:00,10,0.0021077265,08-JUN-2020 09:59:19,"20.05.11",0.0021077265,"GBP"
"melaniedemo","0001000000034428",06-JUN-2020 00:00:00,10,0.0021077265,08-JUN-2020 09:59:19,"20.05.11",0.0021077265,"GBP"
"melaniedemo","0001000000034428",06-JUN-2020 01:00:00,10,0.0021077265,08-JUN-2020 09:59:19,"20.05.11",0.0021077265,"GBP"
"melaniedemo","0001000000034428",06-JUN-2020 02:00:00,10,0.0021077265,08-JUN-2020 09:59:19,"20.05.11",0.0021077265,"GBP"
"melaniedemo","0001000000034428",06-JUN-2020 03:00:00,10,0.0021077265,08-JUN-2020 09:59:19,"20.05.11",0.0021077265,"GBP"
"melaniedemo","0001000000034428",06-JUN-2020 04:00:00,10,0.0021077265,08-JUN-2020 09:59:19,"20.05.11",0.0021077265,"GBP"
"melaniedemo","0001000000034428",06-JUN-2020 05:00:00,10,0.0021077265,08-JUN-2020 09:59:19,"20.05.11",0.0021077265,"GBP"
"melaniedemo","0001000000034428",06-JUN-2020 06:00:00,10,0.0021077265,08-JUN-2020 09:59:19,"20.05.11",0.0021077265,"GBP"
"melaniedemo","0001000000034428",06-JUN-2020 07:00:00,10,0.0021077265,08-JUN-2020 09:59:19,"20.05.11",0.0021077265,"GBP"
"melaniedemo","0001000000034428",06-JUN-2020 08:00:00,10,0.0021077265,08-JUN-2020 09:59:19,"20.05.11",0.0021077265,"GBP"
"melaniedemo","0001000000034428",06-JUN-2020 09:00:00,10,0.0021077265,08-JUN-2020 09:59:19,"20.05.11",0.0021077265,"GBP"
"melaniedemo","0001000000034428",06-JUN-2020 10:00:00,10,0.0021077265,08-JUN-2020 09:59:19,"20.05.11",0.0021077265,"GBP"
"melaniedemo","0001000000034428",06-JUN-2020 11:00:00,10,0.0021077265,08-JUN-2020 09:59:19,"20.05.11",0.0021077265,"GBP"
"melaniedemo","0001000000034428",06-JUN-2020 12:00:00,10,0.0021077265,08-JUN-2020 09:59:19,"20.05.11",0.0021077265,"GBP"
"melaniedemo","0001000000034428",06-JUN-2020 13:00:00,10,0.0021077265,08-JUN-2020 09:59:19,"20.05.11",0.0021077265,"GBP"
"melaniedemo","0001000000034428",06-JUN-2020 14:00:00,10,0.0021077265,08-JUN-2020 09:59:19,"20.05.11",0.0021077265,"GBP"
"melaniedemo","0001000000034428",06-JUN-2020 15:00:00,10,0.0021077265,08-JUN-2020 09:59:19,"20.05.11",0.0021077265,"GBP"
"melaniedemo","0001000000034428",06-JUN-2020 16:00:00,10,0.0021077265,08-JUN-2020 09:59:19,"20.05.11",0.0021077265,"GBP"
"melaniedemo","0001000000029170",26-MAY-2020 00:00:00,10,0.0021077265,08-JUN-2020 09:59:19,"20.05.11",0.0021077265,"GBP"
"melaniedemo","0001000000029170",26-MAY-2020 01:00:00,10,0.0021077265,08-JUN-2020 09:59:19,"20.05.11",0.0021077265,"GBP"
"melaniedemo","0001000000029170",26-MAY-2020 02:00:00,10,0.0021077265,08-JUN-2020 09:59:19,"20.05.11",0.0021077265,"GBP"
"melaniedemo","0001000000029170",26-MAY-2020 03:00:00,10,0.0021077265,08-JUN-2020 09:59:19,"20.05.11",0.0021077265,"GBP"
"melaniedemo","0001000000029170",26-MAY-2020 04:00:00,10,0.0021077265,08-JUN-2020 09:59:19,"20.05.11",0.0021077265,"GBP"
"melaniedemo","0001000000029170",26-MAY-2020 05:00:00,10,0.0021077265,08-JUN-2020 09:59:19,"20.05.11",0.0021077265,"GBP"
"melaniedemo","0001000000029170",26-MAY-2020 06:00:00,10,0.0021077265,08-JUN-2020 09:59:19,"20.05.11",0.0021077265,"GBP"
"melaniedemo","0001000000029170",26-MAY-2020 07:00:00,10,0.0021077265,08-JUN-2020 09:59:19,"20.05.11",0.0021077265,"GBP"
"melaniedemo","0001000000029170",26-MAY-2020 08:00:00,10,0.0021077265,08-JUN-2020 09:59:19,"20.05.11",0.0021077265,"GBP"
"melaniedemo","0001000000029170",26-MAY-2020 09:00:00,10,0.0021077265,08-JUN-2020 09:59:19,"20.05.11",0.0021077265,"GBP"
"melaniedemo","0001000000029170",26-MAY-2020 10:00:00,10,0.0021077265,08-JUN-2020 09:59:19,"20.05.11",0.0021077265,"GBP"
"melaniedemo","0001000000029170",26-MAY-2020 11:00:00,10,0.0021077265,08-JUN-2020 09:59:19,"20.05.11",0.0021077265,"GBP"
"melaniedemo","0001000000029170",26-MAY-2020 12:00:00,10,0.0021077265,08-JUN-2020 09:59:19,"20.05.11",0.0021077265,"GBP"
"melaniedemo","0001000000029170",26-MAY-2020 13:00:00,10,0.0021077265,08-JUN-2020 09:59:19,"20.05.11",0.0021077265,"GBP"
"melaniedemo","0001000000029170",26-MAY-2020 14:00:00,10,0.0021077265,08-JUN-2020 09:59:19,"20.05.11",0.0021077265,"GBP"
"melaniedemo","0001000000029170",26-MAY-2020 15:00:00,10,0.0021077265,08-JUN-2020 09:59:19,"20.05.11",0.0021077265,"GBP"
"melaniedemo","0001000000029170",26-MAY-2020 16:00:00,10,0.0021077265,08-JUN-2020 09:59:19,"20.05.11",0.0021077265,"GBP"
"melaniedemo","0001000000029170",26-MAY-2020 17:00:00,10,0.0021077265,08-JUN-2020 09:59:19,"20.05.11",0.0021077265,"GBP"
"melaniedemo","0001000000029170",26-MAY-2020 18:00:00,10,0.0021077265,08-JUN-2020 09:59:19,"20.05.11",0.0021077265,"GBP"
"melaniedemo","0001000000029170",26-MAY-2020 19:00:00,10,0.0021077265,08-JUN-2020 09:59:19,"20.05.11",0.0021077265,"GBP"
"melaniedemo","0001000000029170",26-MAY-2020 20:00:00,10,0.0021077265,08-JUN-2020 09:59:19,"20.05.11",0.0021077265,"GBP"
"melaniedemo","0001000000029170",26-MAY-2020 21:00:00,10,0.0021077265,08-JUN-2020 09:59:19,"20.05.11",0.0021077265,"GBP"
"melaniedemo","0001000000029509",26-MAY-2020 22:00:00,10,0.0021077265,08-JUN-2020 09:59:19,"20.05.11",0.0021077265,"GBP"
"melaniedemo","0001000000029509",26-MAY-2020 23:00:00,10,0.0021077265,08-JUN-2020 09:59:19,"20.05.11",0.0021077265,"GBP"
"melaniedemo","0001000000029509",27-MAY-2020 00:00:00,10,0.0021077265,08-JUN-2020 09:59:19,"20.05.11",0.0021077265,"GBP"
"melaniedemo","0001000000029509",27-MAY-2020 01:00:00,10,0.0021077265,08-JUN-2020 09:59:19,"20.05.11",0.0021077265,"GBP"
"melaniedemo","0001000000029509",27-MAY-2020 02:00:00,10,0.0021077265,08-JUN-2020 09:59:19,"20.05.11",0.0021077265,"GBP"
"melaniedemo","0001000000029509",27-MAY-2020 03:00:00,10,0.0021077265,08-JUN-2020 09:59:19,"20.05.11",0.0021077265,"GBP"
"melaniedemo","0001000000029509",27-MAY-2020 04:00:00,10,0.0021077265,08-JUN-2020 09:59:19,"20.05.11",0.0021077265,"GBP"
"melaniedemo","0001000000029509",27-MAY-2020 05:00:00,10,0.0021077265,08-JUN-2020 09:59:19,"20.05.11",0.0021077265,"GBP"
"melaniedemo","0001000000029509",27-MAY-2020 06:00:00,10,0.0021077265,08-JUN-2020 09:59:19,"20.05.11",0.0021077265,"GBP"
"melaniedemo","0001000000029509",27-MAY-2020 07:00:00,10,0.0021077265,08-JUN-2020 09:59:19,"20.05.11",0.0021077265,"GBP"
"melaniedemo","0001000000029509",27-MAY-2020 08:00:00,10,0.0021077265,08-JUN-2020 09:59:19,"20.05.11",0.0021077265,"GBP"
"melaniedemo","0001000000029509",27-MAY-2020 09:00:00,10,0.0021077265,08-JUN-2020 09:59:19,"20.05.11",0.0021077265,"GBP"
"melaniedemo","0001000000029509",27-MAY-2020 10:00:00,10,0.0021077265,08-JUN-2020 09:59:19,"20.05.11",0.0021077265,"GBP"
"melaniedemo","0001000000029509",27-MAY-2020 11:00:00,10,0.0021077265,08-JUN-2020 09:59:19,"20.05.11",0.0021077265,"GBP"
"melaniedemo","0001000000029509",27-MAY-2020 12:00:00,10,0.0021077265,08-JUN-2020 09:59:19,"20.05.11",0.0021077265,"GBP"
"melaniedemo","0001000000030103",27-MAY-2020 13:00:00,10,0.0021077265,08-JUN-2020 09:59:19,"20.05.11",0.0021077265,"GBP"
"melaniedemo","0001000000030103",27-MAY-2020 14:00:00,10,0.0021077265,08-JUN-2020 09:59:19,"20.05.11",0.0021077265,"GBP"
"melaniedemo","0001000000030103",27-MAY-2020 15:00:00,10,0.0021077265,08-JUN-2020 09:59:19,"20.05.11",0.0021077265,"GBP"
"melaniedemo","0001000000030103",27-MAY-2020 16:00:00,10,0.0021077265,08-JUN-2020 09:59:19,"20.05.11",0.0021077265,"GBP"
"melaniedemo","0001000000030103",27-MAY-2020 17:00:00,10,0.0021077265,08-JUN-2020 09:59:19,"20.05.11",0.0021077265,"GBP"
"melaniedemo","0001000000030103",27-MAY-2020 18:00:00,10,0.0021077265,08-JUN-2020 09:59:19,"20.05.11",0.0021077265,"GBP"
"melaniedemo","0001000000030103",27-MAY-2020 19:00:00,10,0.0021077265,08-JUN-2020 09:59:19,"20.05.11",0.0021077265,"GBP"
"melaniedemo","0001000000030103",27-MAY-2020 20:00:00,10,0.0021077265,08-JUN-2020 09:59:19,"20.05.11",0.0021077265,"GBP"
"melaniedemo","0001000000030103",27-MAY-2020 21:00:00,10,0.0021077265,08-JUN-2020 09:59:19,"20.05.11",0.0021077265,"GBP"
"melaniedemo","0001000000030103",27-MAY-2020 22:00:00,10,0.0021077265,08-JUN-2020 09:59:19,"20.05.11",0.0021077265,"GBP"
"melaniedemo","0001000000030103",27-MAY-2020 23:00:00,10,0.0021077265,08-JUN-2020 09:59:19,"20.05.11",0.0021077265,"GBP"
"melaniedemo","0001000000030103",28-MAY-2020 00:00:00,10,0.0021077265,08-JUN-2020 09:59:19,"20.05.11",0.0021077265,"GBP"
"melaniedemo","0001000000030103",28-MAY-2020 01:00:00,10,0.0021077265,08-JUN-2020 09:59:19,"20.05.11",0.0021077265,"GBP"
"melaniedemo","0001000000030103",28-MAY-2020 02:00:00,10,0.0021077265,08-JUN-2020 09:59:19,"20.05.11",0.0021077265,"GBP"
"melaniedemo","0001000000030103",28-MAY-2020 03:00:00,10,0.0021077265,08-JUN-2020 09:59:19,"20.05.11",0.0021077265,"GBP"
"melaniedemo","0001000000030103",28-MAY-2020 04:00:00,10,0.0021077265,08-JUN-2020 09:59:19,"20.05.11",0.0021077265,"GBP"
"melaniedemo","0001000000030103",28-MAY-2020 05:00:00,10,0.0021077265,08-JUN-2020 09:59:19,"20.05.11",0.0021077265,"GBP"
"melaniedemo","0001000000030103",28-MAY-2020 06:00:00,10,0.0021077265,08-JUN-2020 09:59:19,"20.05.11",0.0021077265,"GBP"
"melaniedemo","0001000000030103",28-MAY-2020 07:00:00,10,0.0021077265,08-JUN-2020 09:59:19,"20.05.11",0.0021077265,"GBP"
"melaniedemo","0001000000030103",28-MAY-2020 08:00:00,10,0.0021077265,08-JUN-2020 09:59:19,"20.05.11",0.0021077265,"GBP"
"melaniedemo","0001000000030103",28-MAY-2020 09:00:00,10,0.0021077265,08-JUN-2020 09:59:19,"20.05.11",0.0021077265,"GBP"
"melaniedemo","0001000000030103",28-MAY-2020 10:00:00,10,0.0021077265,08-JUN-2020 09:59:19,"20.05.11",0.0021077265,"GBP"
"melaniedemo","0001000000030103",28-MAY-2020 11:00:00,10,0.0021077265,08-JUN-2020 09:59:19,"20.05.11",0.0021077265,"GBP"
"melaniedemo","0001000000030103",28-MAY-2020 12:00:00,10,0.0021077265,08-JUN-2020 09:59:19,"20.05.11",0.0021077265,"GBP"
"melaniedemo","0001000000030103",28-MAY-2020 13:00:00,10,0.0021077265,08-JUN-2020 09:59:19,"20.05.11",0.0021077265,"GBP"
"melaniedemo","0001000000030103",28-MAY-2020 14:00:00,10,0.0021077265,08-JUN-2020 09:59:19,"20.05.11",0.0021077265,"GBP"
"melaniedemo","0001000000030103",28-MAY-2020 15:00:00,10,0.0021077265,08-JUN-2020 09:59:19,"20.05.11",0.0021077265,"GBP"
"melaniedemo","0001000000030103",28-MAY-2020 16:00:00,10,0.0021077265,08-JUN-2020 09:59:19,"20.05.11",0.0021077265,"GBP"
"melaniedemo","0001000000030103",28-MAY-2020 17:00:00,10,0.0021077265,08-JUN-2020 09:59:19,"20.05.11",0.0021077265,"GBP"
"melaniedemo","0001000000030103",28-MAY-2020 18:00:00,10,0.0021077265,08-JUN-2020 09:59:19,"20.05.11",0.0021077265,"GBP"
"melaniedemo","0001000000030103",28-MAY-2020 19:00:00,10,0.0021077265,08-JUN-2020 09:59:19,"20.05.11",0.0021077265,"GBP"
"melaniedemo","0001000000030103",28-MAY-2020 20:00:00,10,0.0021077265,08-JUN-2020 09:59:19,"20.05.11",0.0021077265,"GBP"
"melaniedemo","0001000000030570",28-MAY-2020 21:00:00,10,0.0021077265,08-JUN-2020 09:59:19,"20.05.11",0.0021077265,"GBP"
"melaniedemo","0001000000030570",28-MAY-2020 22:00:00,10,0.0021077265,08-JUN-2020 09:59:19,"20.05.11",0.0021077265,"GBP"
"melaniedemo","0001000000030570",28-MAY-2020 23:00:00,10,0.0021077265,08-JUN-2020 09:59:19,"20.05.11",0.0021077265,"GBP"
"melaniedemo","0001000000030570",29-MAY-2020 00:00:00,10,0.0021077265,08-JUN-2020 09:59:19,"20.05.11",0.0021077265,"GBP"
"melaniedemo","0001000000030570",29-MAY-2020 01:00:00,10,0.0021077265,08-JUN-2020 09:59:19,"20.05.11",0.0021077265,"GBP"
"melaniedemo","0001000000030570",29-MAY-2020 02:00:00,10,0.0021077265,08-JUN-2020 09:59:19,"20.05.11",0.0021077265,"GBP"
"melaniedemo","0001000000030570",29-MAY-2020 03:00:00,10,0.0021077265,08-JUN-2020 09:59:19,"20.05.11",0.0021077265,"GBP"
"melaniedemo","0001000000030570",29-MAY-2020 04:00:00,10,0.0021077265,08-JUN-2020 09:59:19,"20.05.11",0.0021077265,"GBP"
"melaniedemo","0001000000030570",29-MAY-2020 05:00:00,10,0.0021077265,08-JUN-2020 09:59:19,"20.05.11",0.0021077265,"GBP"
"melaniedemo","0001000000030570",29-MAY-2020 06:00:00,10,0.0021077265,08-JUN-2020 09:59:19,"20.05.11",0.0021077265,"GBP"
"melaniedemo","0001000000030570",29-MAY-2020 07:00:00,10,0.0021077265,08-JUN-2020 09:59:19,"20.05.11",0.0021077265,"GBP"
"melaniedemo","0001000000030570",29-MAY-2020 08:00:00,10,0.0021077265,08-JUN-2020 09:59:19,"20.05.11",0.0021077265,"GBP"
"melaniedemo","0001000000030570",29-MAY-2020 09:00:00,10,0.0021077265,08-JUN-2020 09:59:19,"20.05.11",0.0021077265,"GBP"
"melaniedemo","0001000000030570",29-MAY-2020 10:00:00,10,0.0021077265,08-JUN-2020 09:59:19,"20.05.11",0.0021077265,"GBP"
"melaniedemo","0001000000030570",29-MAY-2020 11:00:00,10,0.0021077265,08-JUN-2020 09:59:19,"20.05.11",0.0021077265,"GBP"
"melaniedemo","0001000000030570",29-MAY-2020 12:00:00,10,0.0021077265,08-JUN-2020 09:59:19,"20.05.11",0.0021077265,"GBP"
"melaniedemo","0001000000030570",29-MAY-2020 13:00:00,10,0.0021077265,08-JUN-2020 09:59:19,"20.05.11",0.0021077265,"GBP"
"melaniedemo","0001000000030570",29-MAY-2020 14:00:00,10,0.0021077265,08-JUN-2020 09:59:19,"20.05.11",0.0021077265,"GBP"
"melaniedemo","0001000000030570",29-MAY-2020 15:00:00,10,0.0021077265,08-JUN-2020 09:59:19,"20.05.11",0.0021077265,"GBP"
"melaniedemo","0001000000030570",29-MAY-2020 16:00:00,10,0.0021077265,08-JUN-2020 09:59:19,"20.05.11",0.0021077265,"GBP"
"melaniedemo","0001000000030570",29-MAY-2020 17:00:00,10,0.0021077265,08-JUN-2020 09:59:19,"20.05.11",0.0021077265,"GBP"
"melaniedemo","0001000000030570",29-MAY-2020 18:00:00,10,0.0021077265,08-JUN-2020 09:59:19,"20.05.11",0.0021077265,"GBP"
"melaniedemo","0001000000031082",29-MAY-2020 19:00:00,10,0.0021077265,08-JUN-2020 09:59:19,"20.05.11",0.0021077265,"GBP"
"melaniedemo","0001000000031082",29-MAY-2020 20:00:00,10,0.0021077265,08-JUN-2020 09:59:19,"20.05.11",0.0021077265,"GBP"
"melaniedemo","0001000000031082",29-MAY-2020 21:00:00,10,0.0021077265,08-JUN-2020 09:59:19,"20.05.11",0.0021077265,"GBP"
"melaniedemo","0001000000031082",29-MAY-2020 22:00:00,10,0.0021077265,08-JUN-2020 09:59:19,"20.05.11",0.0021077265,"GBP"
"melaniedemo","0001000000031082",29-MAY-2020 23:00:00,10,0.0021077265,08-JUN-2020 09:59:19,"20.05.11",0.0021077265,"GBP"
"melaniedemo","0001000000031082",30-MAY-2020 00:00:00,10,0.0021077265,08-JUN-2020 09:59:19,"20.05.11",0.0021077265,"GBP"
"melaniedemo","0001000000031082",30-MAY-2020 01:00:00,10,0.0021077265,08-JUN-2020 09:59:19,"20.05.11",0.0021077265,"GBP"
"melaniedemo","0001000000031082",30-MAY-2020 02:00:00,10,0.0021077265,08-JUN-2020 09:59:19,"20.05.11",0.0021077265,"GBP"
"melaniedemo","0001000000031082",30-MAY-2020 03:00:00,10,0.0021077265,08-JUN-2020 09:59:19,"20.05.11",0.0021077265,"GBP"
"melaniedemo","0001000000031082",30-MAY-2020 04:00:00,10,0.0021077265,08-JUN-2020 09:59:19,"20.05.11",0.0021077265,"GBP"
"melaniedemo","0001000000031082",30-MAY-2020 05:00:00,10,0.0021077265,08-JUN-2020 09:59:19,"20.05.11",0.0021077265,"GBP"
"melaniedemo","0001000000031082",30-MAY-2020 06:00:00,10,0.0021077265,08-JUN-2020 09:59:19,"20.05.11",0.0021077265,"GBP"
"melaniedemo","0001000000031082",30-MAY-2020 07:00:00,10,0.0021077265,08-JUN-2020 09:59:19,"20.05.11",0.0021077265,"GBP"
"melaniedemo","0001000000031082",30-MAY-2020 08:00:00,10,0.0021077265,08-JUN-2020 09:59:19,"20.05.11",0.0021077265,"GBP"
"melaniedemo","0001000000031082",30-MAY-2020 09:00:00,10,0.0021077265,08-JUN-2020 09:59:19,"20.05.11",0.0021077265,"GBP"
"melaniedemo","0001000000031082",30-MAY-2020 10:00:00,10,0.0021077265,08-JUN-2020 09:59:19,"20.05.11",0.0021077265,"GBP"
"melaniedemo","0001000000031082",30-MAY-2020 11:00:00,10,0.0021077265,08-JUN-2020 09:59:19,"20.05.11",0.0021077265,"GBP"
"melaniedemo","0001000000031082",30-MAY-2020 12:00:00,10,0.0021077265,08-JUN-2020 09:59:19,"20.05.11",0.0021077265,"GBP"
"melaniedemo","0001000000031082",30-MAY-2020 13:00:00,10,0.0021077265,08-JUN-2020 09:59:19,"20.05.11",0.0021077265,"GBP"
"melaniedemo","0001000000031082",30-MAY-2020 14:00:00,10,0.0021077265,08-JUN-2020 09:59:19,"20.05.11",0.0021077265,"GBP"
"melaniedemo","0001000000031082",30-MAY-2020 15:00:00,10,0.0021077265,08-JUN-2020 09:59:19,"20.05.11",0.0021077265,"GBP"
"melaniedemo","0001000000031082",30-MAY-2020 16:00:00,10,0.0021077265,08-JUN-2020 09:59:19,"20.05.11",0.0021077265,"GBP"
"melaniedemo","0001000000031082",30-MAY-2020 17:00:00,10,0.0021077265,08-JUN-2020 09:59:19,"20.05.11",0.0021077265,"GBP"
"melaniedemo","0001000000031082",30-MAY-2020 18:00:00,10,0.0021077265,08-JUN-2020 09:59:19,"20.05.11",0.0021077265,"GBP"
"melaniedemo","0001000000031082",30-MAY-2020 19:00:00,10,0.0021077265,08-JUN-2020 09:59:19,"20.05.11",0.0021077265,"GBP"
"melaniedemo","0001000000031082",30-MAY-2020 20:00:00,10,0.0021077265,08-JUN-2020 09:59:19,"20.05.11",0.0021077265,"GBP"
"melaniedemo","0001000000031082",30-MAY-2020 21:00:00,10,0.0021077265,08-JUN-2020 09:59:19,"20.05.11",0.0021077265,"GBP"
"melaniedemo","0001000000031539",30-MAY-2020 22:00:00,10,0.0021077265,08-JUN-2020 09:59:19,"20.05.11",0.0021077265,"GBP"
"melaniedemo","0001000000031539",30-MAY-2020 23:00:00,10,0.0021077265,08-JUN-2020 09:59:19,"20.05.11",0.0021077265,"GBP"
"melaniedemo","0001000000031539",31-MAY-2020 00:00:00,10,0.0021077265,08-JUN-2020 09:59:19,"20.05.11",0.0021077265,"GBP"
"melaniedemo","0001000000031539",31-MAY-2020 01:00:00,10,0.0021077265,08-JUN-2020 09:59:19,"20.05.11",0.0021077265,"GBP"
"melaniedemo","0001000000031539",31-MAY-2020 02:00:00,10,0.0021077265,08-JUN-2020 09:59:19,"20.05.11",0.0021077265,"GBP"
"melaniedemo","0001000000031539",31-MAY-2020 03:00:00,10,0.0021077265,08-JUN-2020 09:59:19,"20.05.11",0.0021077265,"GBP"
"melaniedemo","0001000000031539",31-MAY-2020 04:00:00,10,0.0021077265,08-JUN-2020 09:59:19,"20.05.11",0.0021077265,"GBP"
"melaniedemo","0001000000031539",31-MAY-2020 05:00:00,10,0.0021077265,08-JUN-2020 09:59:19,"20.05.11",0.0021077265,"GBP"
"melaniedemo","0001000000031539",31-MAY-2020 06:00:00,10,0.0021077265,08-JUN-2020 09:59:19,"20.05.11",0.0021077265,"GBP"
"melaniedemo","0001000000031539",31-MAY-2020 07:00:00,10,0.0021077265,08-JUN-2020 09:59:19,"20.05.11",0.0021077265,"GBP"
"melaniedemo","0001000000031539",31-MAY-2020 08:00:00,10,0.0021077265,08-JUN-2020 09:59:19,"20.05.11",0.0021077265,"GBP"
"melaniedemo","0001000000031539",31-MAY-2020 09:00:00,10,0.0021077265,08-JUN-2020 09:59:19,"20.05.11",0.0021077265,"GBP"
"melaniedemo","0001000000031539",31-MAY-2020 10:00:00,10,0.0021077265,08-JUN-2020 09:59:19,"20.05.11",0.0021077265,"GBP"
"melaniedemo","0001000000031539",31-MAY-2020 11:00:00,10,0.0021077265,08-JUN-2020 09:59:19,"20.05.11",0.0021077265,"GBP"
"melaniedemo","0001000000031539",31-MAY-2020 12:00:00,10,0.0021077265,08-JUN-2020 09:59:19,"20.05.11",0.0021077265,"GBP"
"melaniedemo","0001000000031539",31-MAY-2020 13:00:00,10,0.0021077265,08-JUN-2020 09:59:19,"20.05.11",0.0021077265,"GBP"
"melaniedemo","0001000000031539",31-MAY-2020 14:00:00,10,0.0021077265,08-JUN-2020 09:59:19,"20.05.11",0.0021077265,"GBP"
"melaniedemo","0001000000031539",31-MAY-2020 15:00:00,10,0.0021077265,08-JUN-2020 09:59:19,"20.05.11",0.0021077265,"GBP"
"melaniedemo","0001000000031539",31-MAY-2020 16:00:00,10,0.0021077265,08-JUN-2020 09:59:19,"20.05.11",0.0021077265,"GBP"
"melaniedemo","0001000000031539",31-MAY-2020 17:00:00,10,0.0021077265,08-JUN-2020 09:59:19,"20.05.11",0.0021077265,"GBP"
"melaniedemo","0001000000031539",31-MAY-2020 18:00:00,10,0.0021077265,08-JUN-2020 09:59:19,"20.05.11",0.0021077265,"GBP"
"melaniedemo","0001000000031539",31-MAY-2020 19:00:00,10,0.0021077265,08-JUN-2020 09:59:19,"20.05.11",0.0021077265,"GBP"
"melaniedemo","0001000000031539",31-MAY-2020 20:00:00,10,0.0021077265,08-JUN-2020 09:59:19,"20.05.11",0.0021077265,"GBP"
"melaniedemo","0001000000032047",31-MAY-2020 21:00:00,10,0.0021077265,08-JUN-2020 09:59:19,"20.05.11",0.0021077265,"GBP"
"melaniedemo","0001000000032047",31-MAY-2020 22:00:00,10,0.0021077265,08-JUN-2020 09:59:19,"20.05.11",0.0021077265,"GBP"
"melaniedemo","0001000000032047",31-MAY-2020 23:00:00,10,0.0021077265,08-JUN-2020 09:59:19,"20.05.11",0.0021077265,"GBP"
"melaniedemo","0001000000032047",01-JUN-2020 00:00:00,10,0.0021077265,08-JUN-2020 09:59:19,"20.05.11",0.0021077265,"GBP"
"melaniedemo","0001000000032047",01-JUN-2020 01:00:00,10,0.0021077265,08-JUN-2020 09:59:19,"20.05.11",0.0021077265,"GBP"
"melaniedemo","0001000000032047",01-JUN-2020 02:00:00,10,0.0021077265,08-JUN-2020 09:59:19,"20.05.11",0.0021077265,"GBP"
"melaniedemo","0001000000032047",01-JUN-2020 03:00:00,10,0.0021077265,08-JUN-2020 09:59:19,"20.05.11",0.0021077265,"GBP"
"melaniedemo","0001000000032047",01-JUN-2020 04:00:00,10,0.0021077265,08-JUN-2020 09:59:19,"20.05.11",0.0021077265,"GBP"
"melaniedemo","0001000000032047",01-JUN-2020 05:00:00,10,0.0021077265,08-JUN-2020 09:59:19,"20.05.11",0.0021077265,"GBP"
"melaniedemo","0001000000032047",01-JUN-2020 06:00:00,10,0.0021077265,08-JUN-2020 09:59:19,"20.05.11",0.0021077265,"GBP"
"melaniedemo","0001000000032047",01-JUN-2020 07:00:00,10,0.0021077265,08-JUN-2020 09:59:19,"20.05.11",0.0021077265,"GBP"
"melaniedemo","0001000000032047",01-JUN-2020 08:00:00,10,0.0021077265,08-JUN-2020 09:59:19,"20.05.11",0.0021077265,"GBP"
"melaniedemo","0001000000032047",01-JUN-2020 09:00:00,10,0.0021077265,08-JUN-2020 09:59:19,"20.05.11",0.0021077265,"GBP"
"melaniedemo","0001000000032047",01-JUN-2020 10:00:00,10,0.0021077265,08-JUN-2020 09:59:19,"20.05.11",0.0021077265,"GBP"
"melaniedemo","0001000000032047",01-JUN-2020 11:00:00,10,0.0021077265,08-JUN-2020 09:59:19,"20.05.11",0.0021077265,"GBP"
"melaniedemo","0001000000032047",01-JUN-2020 12:00:00,10,0.0021077265,08-JUN-2020 09:59:19,"20.05.11",0.0021077265,"GBP"
"melaniedemo","0001000000032047",01-JUN-2020 13:00:00,10,0.0021077265,08-JUN-2020 09:59:19,"20.05.11",0.0021077265,"GBP"
"melaniedemo","0001000000032047",01-JUN-2020 14:00:00,10,0.0021077265,08-JUN-2020 09:59:19,"20.05.11",0.0021077265,"GBP"
"melaniedemo","0001000000032047",01-JUN-2020 15:00:00,10,0.0021077265,08-JUN-2020 09:59:19,"20.05.11",0.0021077265,"GBP"
"melaniedemo","0001000000032047",01-JUN-2020 16:00:00,10,0.0021077265,08-JUN-2020 09:59:19,"20.05.11",0.0021077265,"GBP"
"melaniedemo","0001000000032047",01-JUN-2020 17:00:00,10,0.0021077265,08-JUN-2020 09:59:19,"20.05.11",0.0021077265,"GBP"
"melaniedemo","0001000000032047",01-JUN-2020 18:00:00,10,0.0021077265,08-JUN-2020 09:59:19,"20.05.11",0.0021077265,"GBP"
"melaniedemo","0001000000032047",01-JUN-2020 19:00:00,10,0.0021077265,08-JUN-2020 09:59:19,"20.05.11",0.0021077265,"GBP"
"melaniedemo","0001000000032047",01-JUN-2020 20:00:00,10,0.0021077265,08-JUN-2020 09:59:19,"20.05.11",0.0021077265,"GBP"
"melaniedemo","0001000000032047",01-JUN-2020 21:00:00,10,0.0021077265,08-JUN-2020 09:59:19,"20.05.11",0.0021077265,"GBP"
"melaniedemo","0001000000032531",01-JUN-2020 22:00:00,10,0.0021077265,08-JUN-2020 09:59:19,"20.05.11",0.0021077265,"GBP"
"melaniedemo","0001000000032531",01-JUN-2020 23:00:00,10,0.0021077265,08-JUN-2020 09:59:19,"20.05.11",0.0021077265,"GBP"
"melaniedemo","0001000000032531",02-JUN-2020 00:00:00,10,0.0021077265,08-JUN-2020 09:59:19,"20.05.11",0.0021077265,"GBP"
"melaniedemo","0001000000032531",02-JUN-2020 01:00:00,10,0.0021077265,08-JUN-2020 09:59:19,"20.05.11",0.0021077265,"GBP"
"melaniedemo","0001000000032531",02-JUN-2020 02:00:00,10,0.0021077265,08-JUN-2020 09:59:19,"20.05.11",0.0021077265,"GBP"
"melaniedemo","0001000000032531",02-JUN-2020 03:00:00,10,0.0021077265,08-JUN-2020 09:59:19,"20.05.11",0.0021077265,"GBP"
"melaniedemo","0001000000032531",02-JUN-2020 04:00:00,10,0.0021077265,08-JUN-2020 09:59:19,"20.05.11",0.0021077265,"GBP"
"melaniedemo","0001000000032531",02-JUN-2020 05:00:00,10,0.0021077265,08-JUN-2020 09:59:19,"20.05.11",0.0021077265,"GBP"
"melaniedemo","0001000000032531",02-JUN-2020 06:00:00,10,0.0021077265,08-JUN-2020 09:59:19,"20.05.11",0.0021077265,"GBP"
"melaniedemo","0001000000032531",02-JUN-2020 07:00:00,10,0.0021077265,08-JUN-2020 09:59:19,"20.05.11",0.0021077265,"GBP"
"melaniedemo","0001000000032531",02-JUN-2020 08:00:00,10,0.0021077265,08-JUN-2020 09:59:19,"20.05.11",0.0021077265,"GBP"
"melaniedemo","0001000000032531",02-JUN-2020 09:00:00,10,0.0021077265,08-JUN-2020 09:59:19,"20.05.11",0.0021077265,"GBP"
"melaniedemo","0001000000032531",02-JUN-2020 10:00:00,10,0.0021077265,08-JUN-2020 09:59:19,"20.05.11",0.0021077265,"GBP"
"melaniedemo","0001000000032531",02-JUN-2020 11:00:00,10,0.0021077265,08-JUN-2020 09:59:19,"20.05.11",0.0021077265,"GBP"
"melaniedemo","0001000000032531",02-JUN-2020 12:00:00,10,0.0021077265,08-JUN-2020 09:59:19,"20.05.11",0.0021077265,"GBP"
"melaniedemo","0001000000032531",02-JUN-2020 13:00:00,10,0.0021077265,08-JUN-2020 09:59:19,"20.05.11",0.0021077265,"GBP"
"melaniedemo","0001000000032531",02-JUN-2020 14:00:00,10,0.0021077265,08-JUN-2020 09:59:19,"20.05.11",0.0021077265,"GBP"
"melaniedemo","0001000000032531",02-JUN-2020 15:00:00,10,0.0021077265,08-JUN-2020 09:59:19,"20.05.11",0.0021077265,"GBP"
"melaniedemo","0001000000032531",02-JUN-2020 16:00:00,10,0.0021077265,08-JUN-2020 09:59:19,"20.05.11",0.0021077265,"GBP"
"melaniedemo","0001000000032531",02-JUN-2020 17:00:00,10,0.0021077265,08-JUN-2020 09:59:19,"20.05.11",0.0021077265,"GBP"
"melaniedemo","0001000000032531",02-JUN-2020 18:00:00,10,0.0021077265,08-JUN-2020 09:59:19,"20.05.11",0.0021077265,"GBP"
"melaniedemo","0001000000032531",02-JUN-2020 19:00:00,10,0.0021077265,08-JUN-2020 09:59:19,"20.05.11",0.0021077265,"GBP"
"melaniedemo","0001000000032531",02-JUN-2020 20:00:00,10,0.0021077265,08-JUN-2020 09:59:19,"20.05.11",0.0021077265,"GBP"
"melaniedemo","0001000000032531",02-JUN-2020 21:00:00,10,0.0021077265,08-JUN-2020 09:59:19,"20.05.11",0.0021077265,"GBP"
"melaniedemo","0001000000032531",02-JUN-2020 22:00:00,10,0.0021077265,08-JUN-2020 09:59:19,"20.05.11",0.0021077265,"GBP"
"melaniedemo","0001000000033031",02-JUN-2020 23:00:00,10,0.0021077265,08-JUN-2020 09:59:19,"20.05.11",0.0021077265,"GBP"
"melaniedemo","0001000000033031",03-JUN-2020 00:00:00,10,0.0021077265,08-JUN-2020 09:59:19,"20.05.11",0.0021077265,"GBP"
"melaniedemo","0001000000033031",03-JUN-2020 01:00:00,10,0.0021077265,08-JUN-2020 09:59:19,"20.05.11",0.0021077265,"GBP"
"melaniedemo","0001000000033031",03-JUN-2020 02:00:00,10,0.0021077265,08-JUN-2020 09:59:19,"20.05.11",0.0021077265,"GBP"
"melaniedemo","0001000000033031",03-JUN-2020 03:00:00,10,0.0021077265,08-JUN-2020 09:59:19,"20.05.11",0.0021077265,"GBP"
"melaniedemo","0001000000033031",03-JUN-2020 04:00:00,10,0.0021077265,08-JUN-2020 09:59:19,"20.05.11",0.0021077265,"GBP"
"melaniedemo","0001000000033031",03-JUN-2020 05:00:00,10,0.0021077265,08-JUN-2020 09:59:19,"20.05.11",0.0021077265,"GBP"
"melaniedemo","0001000000033031",03-JUN-2020 06:00:00,10,0.0021077265,08-JUN-2020 09:59:19,"20.05.11",0.0021077265,"GBP"
"melaniedemo","0001000000033031",03-JUN-2020 07:00:00,10,0.0021077265,08-JUN-2020 09:59:19,"20.05.11",0.0021077265,"GBP"
"melaniedemo","0001000000033031",03-JUN-2020 08:00:00,10,0.0021077265,08-JUN-2020 09:59:19,"20.05.11",0.0021077265,"GBP"
"melaniedemo","0001000000033031",03-JUN-2020 09:00:00,10,0.0021077265,08-JUN-2020 09:59:19,"20.05.11",0.0021077265,"GBP"
"melaniedemo","0001000000033031",03-JUN-2020 10:00:00,10,0.0021077265,08-JUN-2020 09:59:19,"20.05.11",0.0021077265,"GBP"
"melaniedemo","0001000000033031",03-JUN-2020 11:00:00,10,0.0021077265,08-JUN-2020 09:59:19,"20.05.11",0.0021077265,"GBP"
"melaniedemo","0001000000033031",03-JUN-2020 12:00:00,10,0.0021077265,08-JUN-2020 09:59:19,"20.05.11",0.0021077265,"GBP"
"melaniedemo","0001000000033031",03-JUN-2020 13:00:00,10,0.0021077265,08-JUN-2020 09:59:19,"20.05.11",0.0021077265,"GBP"
"melaniedemo","0001000000033031",03-JUN-2020 14:00:00,10,0.0021077265,08-JUN-2020 09:59:19,"20.05.11",0.0021077265,"GBP"
"melaniedemo","0001000000033031",03-JUN-2020 15:00:00,10,0.0021077265,08-JUN-2020 09:59:19,"20.05.11",0.0021077265,"GBP"
"melaniedemo","0001000000033031",03-JUN-2020 16:00:00,10,0.0021077265,08-JUN-2020 09:59:19,"20.05.11",0.0021077265,"GBP"
"melaniedemo","0001000000033031",03-JUN-2020 17:00:00,10,0.0021077265,08-JUN-2020 09:59:19,"20.05.11",0.0021077265,"GBP"
"melaniedemo","0001000000033031",03-JUN-2020 18:00:00,10,0.0021077265,08-JUN-2020 09:59:19,"20.05.11",0.0021077265,"GBP"
"melaniedemo","0001000000033031",03-JUN-2020 19:00:00,10,0.0021077265,08-JUN-2020 09:59:19,"20.05.11",0.0021077265,"GBP"
"melaniedemo","0001000000033031",03-JUN-2020 20:00:00,10,0.0021077265,08-JUN-2020 09:59:19,"20.05.11",0.0021077265,"GBP"
"melaniedemo","0001000000033031",03-JUN-2020 21:00:00,10,0.0021077265,08-JUN-2020 09:59:19,"20.05.11",0.0021077265,"GBP"
"melaniedemo","0001000000033524",03-JUN-2020 22:00:00,10,0.0021077265,08-JUN-2020 09:59:19,"20.05.11",0.0021077265,"GBP"
"melaniedemo","0001000000033524",03-JUN-2020 23:00:00,10,0.0021077265,08-JUN-2020 09:59:19,"20.05.11",0.0021077265,"GBP"
"melaniedemo","0001000000033524",04-JUN-2020 00:00:00,10,0.0021077265,08-JUN-2020 09:59:19,"20.05.11",0.0021077265,"GBP"
"melaniedemo","0001000000033524",04-JUN-2020 01:00:00,10,0.0021077265,08-JUN-2020 09:59:19,"20.05.11",0.0021077265,"GBP"
"melaniedemo","0001000000033524",04-JUN-2020 02:00:00,10,0.0021077265,08-JUN-2020 09:59:19,"20.05.11",0.0021077265,"GBP"
"melaniedemo","0001000000033524",04-JUN-2020 03:00:00,10,0.0021077265,08-JUN-2020 09:59:19,"20.05.11",0.0021077265,"GBP"
"melaniedemo","0001000000033524",04-JUN-2020 04:00:00,10,0.0021077265,08-JUN-2020 09:59:19,"20.05.11",0.0021077265,"GBP"
"melaniedemo","0001000000033524",04-JUN-2020 05:00:00,10,0.0021077265,08-JUN-2020 09:59:19,"20.05.11",0.0021077265,"GBP"
"melaniedemo","0001000000033524",04-JUN-2020 06:00:00,10,0.0021077265,08-JUN-2020 09:59:19,"20.05.11",0.0021077265,"GBP"
"melaniedemo","0001000000033524",04-JUN-2020 07:00:00,10,0.0021077265,08-JUN-2020 09:59:19,"20.05.11",0.0021077265,"GBP"
"melaniedemo","0001000000033524",04-JUN-2020 08:00:00,10,0.0021077265,08-JUN-2020 09:59:19,"20.05.11",0.0021077265,"GBP"
"melaniedemo","0001000000033524",04-JUN-2020 09:00:00,10,0.0021077265,08-JUN-2020 09:59:19,"20.05.11",0.0021077265,"GBP"
"melaniedemo","0001000000033524",04-JUN-2020 10:00:00,10,0.0021077265,08-JUN-2020 09:59:19,"20.05.11",0.0021077265,"GBP"
"melaniedemo","0001000000033524",04-JUN-2020 11:00:00,10,0.0021077265,08-JUN-2020 09:59:19,"20.05.11",0.0021077265,"GBP"
"melaniedemo","0001000000033524",04-JUN-2020 12:00:00,10,0.0021077265,08-JUN-2020 09:59:19,"20.05.11",0.0021077265,"GBP"
"melaniedemo","0001000000033524",04-JUN-2020 13:00:00,10,0.0021077265,08-JUN-2020 09:59:19,"20.05.11",0.0021077265,"GBP"
"melaniedemo","0001000000033524",04-JUN-2020 14:00:00,10,0.0021077265,08-JUN-2020 09:59:19,"20.05.11",0.0021077265,"GBP"
"melaniedemo","0001000000033524",04-JUN-2020 15:00:00,10,0.0021077265,08-JUN-2020 09:59:19,"20.05.11",0.0021077265,"GBP"
"melaniedemo","0001000000033524",04-JUN-2020 16:00:00,10,0.0021077265,08-JUN-2020 09:59:19,"20.05.11",0.0021077265,"GBP"
"melaniedemo","0001000000033524",04-JUN-2020 17:00:00,10,0.0021077265,08-JUN-2020 09:59:19,"20.05.11",0.0021077265,"GBP"
"melaniedemo","0001000000033524",04-JUN-2020 18:00:00,10,0.0021077265,08-JUN-2020 09:59:19,"20.05.11",0.0021077265,"GBP"
"melaniedemo","0001000000033524",04-JUN-2020 19:00:00,10,0.0021077265,08-JUN-2020 09:59:19,"20.05.11",0.0021077265,"GBP"
"melaniedemo","0001000000033524",04-JUN-2020 20:00:00,10,0.0021077265,08-JUN-2020 09:59:19,"20.05.11",0.0021077265,"GBP"
"melaniedemo","0001000000033524",04-JUN-2020 21:00:00,10,0.0021077265,08-JUN-2020 09:59:19,"20.05.11",0.0021077265,"GBP"
"melaniedemo","0001000000034028",04-JUN-2020 22:00:00,10,0.0021077265,08-JUN-2020 09:59:19,"20.05.11",0.0021077265,"GBP"
"melaniedemo","0001000000034028",04-JUN-2020 23:00:00,10,0.0021077265,08-JUN-2020 09:59:19,"20.05.11",0.0021077265,"GBP"
"melaniedemo","0001000000034028",05-JUN-2020 00:00:00,10,0.0021077265,08-JUN-2020 09:59:19,"20.05.11",0.0021077265,"GBP"
"melaniedemo","0001000000034028",05-JUN-2020 01:00:00,10,0.0021077265,08-JUN-2020 09:59:19,"20.05.11",0.0021077265,"GBP"
"melaniedemo","0001000000034028",05-JUN-2020 02:00:00,10,0.0021077265,08-JUN-2020 09:59:19,"20.05.11",0.0021077265,"GBP"
"melaniedemo","0001000000034028",05-JUN-2020 03:00:00,10,0.0021077265,08-JUN-2020 09:59:19,"20.05.11",0.0021077265,"GBP"
"melaniedemo","0001000000034028",05-JUN-2020 04:00:00,10,0.0021077265,08-JUN-2020 09:59:19,"20.05.11",0.0021077265,"GBP"
"melaniedemo","0001000000034028",05-JUN-2020 05:00:00,10,0.0021077265,08-JUN-2020 09:59:19,"20.05.11",0.0021077265,"GBP"
"melaniedemo","0001000000034028",05-JUN-2020 06:00:00,10,0.0021077265,08-JUN-2020 09:59:19,"20.05.11",0.0021077265,"GBP"
"melaniedemo","0001000000034028",05-JUN-2020 07:00:00,10,0.0021077265,08-JUN-2020 09:59:19,"20.05.11",0.0021077265,"GBP"
"melaniedemo","0001000000034028",05-JUN-2020 08:00:00,10,0.0021077265,08-JUN-2020 09:59:19,"20.05.11",0.0021077265,"GBP"
"melaniedemo","0001000000034028",05-JUN-2020 09:00:00,10,0.0021077265,08-JUN-2020 09:59:19,"20.05.11",0.0021077265,"GBP"
"melaniedemo","0001000000034028",05-JUN-2020 10:00:00,10,0.0021077265,08-JUN-2020 09:59:19,"20.05.11",0.0021077265,"GBP"
"melaniedemo","0001000000034028",05-JUN-2020 11:00:00,10,0.0021077265,08-JUN-2020 09:59:19,"20.05.11",0.0021077265,"GBP"
"melaniedemo","0001000000034028",05-JUN-2020 12:00:00,10,0.0021077265,08-JUN-2020 09:59:19,"20.05.11",0.0021077265,"GBP"
"melaniedemo","0001000000034028",05-JUN-2020 13:00:00,10,0.0021077265,08-JUN-2020 09:59:19,"20.05.11",0.0021077265,"GBP"
"melaniedemo","0001000000034028",05-JUN-2020 14:00:00,10,0.0021077265,08-JUN-2020 09:59:19,"20.05.11",0.0021077265,"GBP"
"melaniedemo","0001000000034028",05-JUN-2020 15:00:00,10,0.0021077265,08-JUN-2020 09:59:19,"20.05.11",0.0021077265,"GBP"
"melaniedemo","0001000000034028",05-JUN-2020 16:00:00,10,0.0021077265,08-JUN-2020 09:59:19,"20.05.11",0.0021077265,"GBP"
"melaniedemo","0001000000034028",05-JUN-2020 17:00:00,10,0.0021077265,08-JUN-2020 09:59:19,"20.05.11",0.0021077265,"GBP"
